Jahr;Nationalität;Geschlecht;Familienstatus;0;1;2;3;4;5;6;7;8;9;10;11;12;13;14;15;16;17;18;19;20;21;22;23;24;25;26;27;28;29;30;31;32;33;34;35;36;37;38;39;40;41;42;43;44;45;46;47;48;49;50;51;52;53;54;55;56;57;58;59;60;61;62;63;64;65;66;67;68;69;70;71;72;73;74;75;76;77;78;79;80;81;82;83;84;85
31.12.2014;Deutsche;männlich;ledig;339249;332238;331741;323525;334039;329993;338862;339365;333378;338602;346609;347045;353844;362751;377114;366139;373457;385220;379736;368887;373268;385808;389496;401754;438222;421200;421077;396512;370507;336370;314870;294701;280708;255729;236096;207785;190816;176165;159064;144253;137443;132648;140523;152892;152513;159091;161979;159107;155352;146868;140952;130656;118385;109183;98350;89239;79234;71803;64650;57945;52372;47284;43450;39494;36599;32161;27154;23098;19692;16199;20881;20626;19368;22586;22246;19914;17065;14285;12483;10507;8522;5958;5193;4521;3986;13332
31.12.2014;Deutsche;männlich;verheiratet;-;-;-;-;-;-;-;-;-;-;-;-;-;-;-;-;-;3;41;273;910;2137;4601;8718;15837;24866;38466;53501;69926;86087;105584;125849;146672;163462;178712;183672;193278;201964;207289;208885;218023;226908;254342;289401;305390;337745;359637;378284;395201;402841;416875;421900;414302;415814;406480;403086;385075;381187;373281;365991;362612;353860;355815;351386;349114;339209;307573;285557;244729;210539;288877;291368;276856;333737;342077;328540;296071;265123;243018;221528;189392;138875;124852;113566;104478;355073
31.12.2014;Deutsche;männlich;verwitwet;-;-;-;-;-;-;-;-;-;-;-;-;-;-;-;-;2;-;-;1;2;7;6;5;10;21;14;37;48;56;93;106;129;152;217;258;313;338;393;455;536;666;847;1184;1422;1783;2153;2576;3115;3595;4324;4900;5576;6314;6895;7614;8063;8842;9600;10488;11396;12134;13374;14263;15753;16902;16458;16858;16048;15426;23037;25691;27234;35682;40913;42627;42477;42086;43054;43688;42394;34850;36259;37495;39429;234840
31.12.2014;Deutsche;männlich;geschieden;-;-;-;-;-;-;-;-;-;-;-;-;-;-;-;-;-;-;-;7;14;61;159;316;703;1213;1980;2885;4042;5315;6965;9001;11281;13541;16049;17895;20084;22160;24561;26150;28819;31353;38528;46302;52092;61419;69438;76727;83480;88569;93967;96137;95020;95746;91181;89394;82578;79134;74256;69549;65642;61361;58374;54998;51681;47434;42135;37331;31225;26073;32812;31605;28284;31709;29617;26786;22241;18210;15663;13206;10874;7244;6209;5095;4537;14560
31.12.2014;Deutsche;männlich;Lebenspartnerschaft;-;-;-;-;-;-;-;-;-;-;-;-;-;-;-;-;-;-;2;9;11;47;60;101;178;239;302;333;465;501;537;690;742;830;952;1022;1087;1188;1150;1100;1103;1109;1212;1496;1636;1882;1997;1944;2025;2030;1956;1834;1671;1643;1472;1254;1112;998;909;857;755;708;699;681;659;606;533;483;481;445;711;500;476;593;464;358;298;208;188;124;107;77;61;69;43;161
31.12.2014;Deutsche;männlich;Lebenspartnerschaft aufgehoben;-;-;-;-;-;-;-;-;-;-;-;-;-;-;-;-;-;-;1;3;1;5;7;20;37;37;55;65;74;95;103;110;137;151;152;158;161;151;151;147;146;134;163;159;146;183;207;171;161;158;147;152;118;114;95;90;71;60;45;35;50;42;27;23;29;27;17;13;12;13;16;17;9;20;12;11;3;5;7;4;3;1;2;-;1;2
31.12.2014;Deutsche;männlich;Lebenspartner verstorben;-;-;-;-;-;-;-;-;-;-;-;-;-;-;-;-;-;-;-;-;1;-;3;-;3;1;2;2;2;8;2;6;6;10;15;10;13;14;17;15;13;12;23;22;24;24;38;36;32;45;43;32;32;39;56;24;36;32;35;33;36;30;33;26;46;17;38;25;38;44;57;39;44;48;51;29;17;20;23;21;12;10;8;8;11;28
31.12.2014;Deutsche;weiblich;ledig;322145;315608;314673;307827;318286;312964;322298;321517;315667;321822;329319;329527;335547;343133;358361;346257;354650;366250;359534;348523;350904;361010;362704;368044;393365;369892;357142;326260;298351;262872;238608;218754;202422;184079;168765;145983;133141;123015;110668;98585;93700;90029;94271;101920;100312;103769;103076;100526;97199;90088;85928;79732;71254;66228;59170;53986;48112;44604;40690;36890;34337;30954;28781;26219;24065;21555;18402;16061;13288;12097;15368;16007;15831;18938;20054;19971;18990;18291;17884;17348;16064;13181;13462;13916;14450;105087
31.12.2014;Deutsche;weiblich;verheiratet;-;-;-;-;-;-;-;-;-;-;-;-;-;-;2;1;7;34;542;1870;4247;8009;14414;23867;38897;55560;78054;98769;119848;137975;158315;178229;200716;214499;227138;226225;231208;234577;237232;234710;243233;249623;277883;312350;328237;358535;380636;398164;412656;417402;431684;435530;426891;428184;415280;408875;388948;382368;371739;361134;355940;345372;341140;334185;327375;314458;281138;261786;223968;193756;261259;259762;243693;291023;292310;275150;238441;206421;183227;159124;130263;90453;78878;68250;60787;187285
31.12.2014;Deutsche;weiblich;verwitwet;-;-;-;-;-;-;-;-;-;-;-;-;-;-;-;-;-;-;1;4;11;13;14;41;55;93;107;168;253;322;405;535;593;800;945;1121;1279;1585;1843;2151;2397;2802;3548;4537;5542;6813;8179;9902;11728;13804;16247;18953;20940;24281;27459;29953;32257;35453;38588;42091;46017;49457;54801;59204;65247;69182;69004;71001;66769;64029;92575;100839;106405;143316;165992;177430;178991;179191;186529;191618;186537;155708;158014;163020;170275;1128760
31.12.2014;Deutsche;weiblich;geschieden;-;-;-;-;-;-;-;-;-;-;-;-;-;-;-;-;-;1;5;15;85;300;645;1243;2224;3472;5105;6936;9211;11258;13864;16762;20220;23229;26623;28592;30975;33641;36172;37661;41674;45049;52868;63200;70491;81424;91439;99010;105566;108737;113157;112552;110047;107719;101752;97626;88651;84877;80453;76083;73790;69701;68191;65255;62896;58089;51545;46973;40543;35340;45599;45315;41631;48233;47496;43759;37914;33246;29344;25969;22150;15942;14663;13647;13337;73459
31.12.2014;Deutsche;weiblich;Lebenspartnerschaft;-;-;-;-;-;-;-;-;-;-;-;-;-;-;-;-;-;-;2;14;29;75;97;191;265;399;528;602;707;770;864;955;1077;1188;1319;1244;1342;1335;1231;1153;1171;998;1079;1199;1269;1339;1473;1417;1448;1395;1441;1337;1232;1149;1019;892;815;783;690;608;570;523;467;471;464;388;333;264;292;235;349;262;226;246;186;175;117;113;93;69;80;52;47;35;30;145
31.12.2014;Deutsche;weiblich;Lebenspartnerschaft aufgehoben;-;-;-;-;-;-;-;-;-;-;-;-;-;-;-;-;-;1;-;2;7;11;17;33;56;50;87;93;128;130;132;157;165;164;184;204;214;174;167;171;142;151;137;165;175;145;172;145;141;146;137;109;110;85;73;84;52;45;42;28;32;25;11;19;17;7;14;2;5;11;8;8;2;1;3;5;1;2;1;1;1;-;-;-;-;4
31.12.2014;Deutsche;weiblich;Lebenspartner verstorben;-;-;-;-;-;-;-;-;-;-;-;-;-;-;-;-;-;4;-;1;2;-;-;1;1;2;-;2;1;2;-;1;4;3;5;4;4;4;3;7;1;9;5;6;11;6;9;8;13;18;14;17;15;18;17;18;12;13;19;13;14;17;13;19;31;9;12;11;11;19;15;21;14;14;16;9;16;7;12;11;5;4;6;6;12;57
31.12.2014;Ausländer;männlich;ledig;28314;24777;24575;25673;23809;23130;23037;22287;22034;21276;22797;22567;22588;23238;25191;38380;40888;42983;46502;51288;57417;60163;62427;65910;70513;70310;69920;65579;61179;56643;51921;46814;43913;39320;37284;32422;29767;27170;25401;23818;22264;19761;18363;16677;16184;14362;13275;11981;10466;9886;8997;7776;7095;6371;6190;5359;4784;4257;3757;3322;2914;2467;2213;1995;1977;1838;1687;1556;1301;1029;994;862;831;712;755;679;552;466;412;353;309;274;201;162;137;674
31.12.2014;Ausländer;männlich;verheiratet;-;-;-;-;-;-;-;-;-;-;-;-;-;-;-;-;13;22;232;543;1068;1753;2940;4956;7509;10425;14094;17323;20444;24083;27538;30835;35268;38610;42535;44189;45674;47893;48682;49910;51403;51063;51586;50876;50861;50672;49208;45757;46609;46316;45459;42771;39216;34491;34418;31341;29738;29263;30105;26898;23669;21018;22006;21393;25399;25789;26495;26665;24385;21386;20381;19081;19063;17006;17579;15463;13740;11479;9652;7791;7213;5940;4383;3319;2857;8384
31.12.2014;Ausländer;männlich;verwitwet;-;-;-;-;-;-;-;-;-;-;-;-;-;-;-;-;-;-;2;2;2;3;6;4;6;22;24;28;34;49;49;52;58;62;86;102;112;128;120;178;184;197;233;293;330;313;333;372;407;438;473;505;503;503;552;592;606;651;706;663;732;720;736;792;1041;1074;1189;1289;1225;1227;1238;1321;1367;1499;1619;1431;1567;1397;1279;1119;1119;1059;928;783;673;3520
31.12.2014;Ausländer;männlich;geschieden;-;-;-;-;-;-;-;-;-;-;-;-;-;-;-;-;2;1;3;4;11;27;72;139;235;415;639;914;1151;1576;2008;2417;3073;3874;4402;4972;5363;6122;6456;6986;7415;7729;7947;8420;8657;8814;8808;8249;8500;8470;8152;7676;7312;6628;6639;5907;5729;5302;5166;4579;4208;3718;3562;3168;3313;3107;2969;2786;2361;1815;1703;1508;1445;1291;1220;1122;951;828;718;561;466;365;300;261;192;696
31.12.2014;Ausländer;männlich;Lebenspartnerschaft;-;-;-;-;-;-;-;-;-;-;-;-;-;-;-;-;-;-;-;3;6;19;41;56;70;100;129;131;169;196;211;238;234;297;292;322;308;279;274;256;269;236;243;207;242;193;182;199;160;166;148;135;116;120;105;89;82;64;75;58;52;50;53;52;58;48;32;35;44;27;29;27;21;13;13;11;10;13;7;10;8;3;5;3;6;6
31.12.2014;Ausländer;männlich;Lebenspartnerschaft aufgehoben;-;-;-;-;-;-;-;-;-;-;-;-;-;-;-;-;-;2;2;-;5;5;6;10;14;16;22;29;34;31;40;52;74;59;61;74;75;66;69;62;53;59;49;38;39;30;34;26;31;22;22;15;16;10;10;4;8;6;4;2;1;2;-;2;2;2;2;1;1;4;1;-;1;-;-;-;-;1;-;-;-;-;-;-;-;-
31.12.2014;Ausländer;männlich;Lebenspartner verstorben;-;-;-;-;-;-;-;-;-;-;-;-;-;-;-;-;-;-;-;-;-;-;-;1;2;1;3;-;1;3;4;2;2;4;6;5;6;4;10;8;6;8;7;6;9;4;5;7;6;2;6;2;3;5;3;3;2;1;5;5;1;4;1;2;2;1;-;1;1;4;8;2;2;4;1;2;1;-;1;1;-;2;2;1;1;1
31.12.2014;Ausländer;weiblich;ledig;26711;23292;23380;24084;22465;21764;21983;21165;20411;19923;21297;21383;21088;21739;23680;35862;36921;37923;38794;41748;47246;49646;49518;51157;52604;51225;47824;43552;39100;34982;31707;28329;26224;23144;21224;18428;16385;14926;13604;12695;11721;10489;9712;8569;8063;7163;6622;6072;5174;4773;4381;3967;3612;3176;3140;2827;2510;2201;2046;1924;1803;1610;1579;1434;1440;1284;1150;1091;1000;765;729;584;597;606;577;553;527;492;396;378;282;286;221;207;227;1229
31.12.2014;Ausländer;weiblich;verheiratet;-;-;-;-;-;-;-;-;-;-;-;-;1;4;7;19;57;189;808;2050;3872;5733;8461;11896;16085;20260;25397;29062;32924;37054;40795;44400;48835;52302;54955;55805;56252;56643;57049;57051;57822;57201;56219;54197;53280;50227;47632;43479;43483;42326;40215;36728;34929;31551;32186;28779;27240;25972;26858;27130;27053;25982;26995;24393;27084;24876;22816;21000;18017;15573;13713;11909;11073;9227;9217;7673;6611;5618;4471;3560;2817;2417;2005;1410;1337;4255
31.12.2014;Ausländer;weiblich;verwitwet;-;-;-;-;-;-;-;-;-;-;-;-;-;-;-;-;-;2;3;5;8;15;22;18;35;63;59;83;85;125;157;223;215;271;365;425;474;578;609;734;838;938;1071;1175;1258;1410;1547;1534;1649;1809;1984;2104;2356;2405;2696;2731;2776;3023;3465;4085;4169;4411;4967;4894;6227;6175;6166;6095;5889;5569;5587;5122;5275;5196;5875;5179;5021;4623;4238;3785;3488;3177;2913;2525;2537;14317
31.12.2014;Ausländer;weiblich;geschieden;-;-;-;-;-;-;-;-;-;-;-;-;-;-;1;3;1;2;7;19;40;99;190;320;504;763;1106;1441;1893;2410;3073;3747;4467;5311;6109;6719;7081;7738;8631;9249;9718;9914;9902;10135;10284;10080;9882;9142;8777;8557;8413;7744;7295;6578;6368;5826;5443;5109;4991;4818;4630;4247;4339;3862;3993;3566;3444;2980;2675;2130;1882;1723;1585;1427;1398;1325;1258;1050;843;713;602;587;493;415;358;1716
31.12.2014;Ausländer;weiblich;Lebenspartnerschaft;-;-;-;-;-;-;-;-;-;-;-;-;-;-;-;-;-;-;-;1;3;5;10;11;19;35;27;36;39;45;63;70;79;70;83;81;90;75;74;66;66;82;66;80;63;58;71;53;64;64;54;45;38;33;38;30;31;25;29;23;19;16;21;22;21;16;6;16;10;10;10;8;4;6;5;4;3;1;3;3;1;2;1;2;1;3
31.12.2014;Ausländer;weiblich;Lebenspartnerschaft aufgehoben;-;-;-;-;-;-;-;-;-;-;-;-;1;-;-;-;1;-;1;-;3;4;6;6;9;9;12;16;8;16;12;12;21;18;24;19;13;21;16;18;18;13;19;14;20;8;9;10;9;13;12;14;6;4;6;1;2;1;2;3;5;4;1;3;2;-;3;-;-;1;-;-;-;-;1;-;-;1;-;-;-;-;-;-;-;1
31.12.2014;Ausländer;weiblich;Lebenspartner verstorben;-;-;-;-;-;-;-;-;-;-;-;-;-;-;-;-;-;-;1;-;-;2;-;-;-;2;-;2;-;1;-;-;-;1;1;-;-;-;-;1;1;2;-;-;1;2;-;-;-;1;1;1;2;2;3;-;2;3;1;-;1;-;-;-;1;-;1;1;1;2;-;1;-;-;-;-;1;-;-;-;1;-;-;-;1;1
31.12.2015;Deutsche;männlich;ledig;342649;341718;332705;332139;323872;334334;329979;339157;339779;334022;339214;347214;347695;354402;363408;377894;367584;374873;386965;381843;369745;373066;384321;386562;396627;429447;409192;405341;378367;350430;315734;295404;275961;263183;240016;222293;196113;181029;167926;151934;137960;132366;128301;136294;148580;148635;155169;158374;155674;151952;143289;138105;127858;115899;106870;96176;87256;77404;69946;62958;56272;50917;45865;42007;38167;35235;30996;26126;22141;18819;15478;19903;19534;18350;21267;20870;18647;15838;13217;11500;9559;7708;5304;4558;3961;14575
31.12.2015;Deutsche;männlich;verheiratet;-;-;-;-;-;-;-;-;-;-;-;-;-;-;-;-;2;1;64;246;779;2026;4219;7983;14131;24316;36190;52960;70375;88481;105276;123485;142983;162417;177506;190699;193539;201245;208490;212272;213250;220896;229177;256027;290475;305911;337992;359288;377574;393958;402831;415134;420241;412379;413779;404474;400765;382712;378549;370385;363372;358959;350090;351515;346563;344033;333609;301762;279731;239177;205295;281029;282801;267810;321882;328397;314126;281665;250541;228178;205780;174455;126251;112035;100494;376254
31.12.2015;Deutsche;männlich;verwitwet;-;-;-;-;-;-;-;-;-;-;-;-;-;-;-;-;1;2;-;1;1;2;9;7;10;14;25;23;51;66;72;110;127;154;194;256;300;370;394;444;529;644;765;986;1356;1621;1985;2457;2918;3517;3937;4762;5381;6187;6926;7504;8300;8818;9558;10383;11273;12339;12983;14391;15427;16906;18088;17600;18017;17100;16305;24449;27112;28738;37421;42810;44479;44178;43757;44373;44792;42929;34977;35997;36867;245882
31.12.2015;Deutsche;männlich;geschieden;-;-;-;-;-;-;-;-;-;-;-;-;-;-;-;-;-;-;2;2;18;57;123;301;547;1100;1765;2838;3962;5333;6749;8648;10859;13474;15700;18434;20138;22335;24493;26842;28341;31018;33477;40917;48981;54752;64115;71999;79210;85947;89735;95837;97435;95962;96269;91239;89141;82146;78560;73416;68170;64537;60217;56932;53640;50178;46145;40896;36170;30177;25069;31499;30305;27184;30311;28108;25322;20930;17001;14568;12193;9852;6613;5604;4532;16039
31.12.2015;Deutsche;männlich;Lebenspartnerschaft;-;-;-;-;-;-;-;-;-;-;-;-;-;-;-;-;-;-;5;8;19;25;66;105;142;256;316;399;448;565;610;634;799;882;967;1091;1170;1236;1339;1272;1240;1233;1250;1336;1635;1778;2015;2156;2088;2194;2223;2129;1970;1776;1748;1539;1327;1168;1048;945;897;795;737;730;697;679;621;534;487;472;448;710;510;471;597;462;342;290;205;184;117;107;70;57;62;192
31.12.2015;Deutsche;männlich;Lebenspartnerschaft aufgehoben;-;-;-;-;-;-;-;-;-;-;-;-;-;-;-;-;-;-;-;1;4;4;10;9;28;47;49;68;77;91;110;119;131;159;175;180;188;188;175;173;170;159;148;174;182;171;214;225;190;191;185;158;168;122;123;106;105;77;65;56;42;52;47;29;26;30;31;20;14;17;12;18;19;11;21;14;14;4;5;5;4;3;1;2;-;1
31.12.2015;Deutsche;männlich;Lebenspartner verstorben;-;-;-;-;-;-;-;-;-;-;-;-;-;-;-;-;-;-;-;-;-;1;-;3;1;4;1;2;2;3;8;5;8;9;13;20;12;15;19;22;16;17;15;27;29;31;32;39;42;46;53;52;41;49;47;70;35;44;43;46;42;41;35;43;34;58;25;52;28;49;56;66;47;45;50;61;35;19;25;25;24;12;13;11;9;40
31.12.2015;Deutsche;weiblich;ledig;325568;324489;315998;315079;308039;318475;313027;322548;321980;316238;322381;329928;330066;336112;343809;359109;347543;355967;367437;360415;347916;348574;356575;355284;357502;377258;350990;335230;303692;275528;241379;219798;202566;188230;172018;158546;137972;126946;117488;106284;94856;90826;87691;92042;99623;98170;101630;101023;98658;95299;88053;84432;78274;70047;65035;58119;53064;47334;43873;39996;36172;33761;30407;28250;25743;23618;21147;18040;15715;13000;11825;15041;15624;15411;18393;19455;19338;18361;17549;17057;16562;15253;12367;12523;12881;101386
31.12.2015;Deutsche;weiblich;verheiratet;-;-;-;-;-;-;-;-;-;-;-;-;-;-;1;2;12;36;585;1813;3960;7681;13074;22091;34215;53904;73024;98047;119302;140740;157607;175489;192688;213077;224620;235697;232455;235498;238149;239519;236781;244336;249703;277531;311589;327231;357169;379026;396038;410562;416323;429425;433272;424021;425328;412038;405586;385556;378490;367455;356761;350865;339955;335282;327762;320558;307014;273803;254490;217152;187298;251908;249801;233380;277756;277343;259333;222771;191308;167981;144062;116452;79538;68174;57992;196197
31.12.2015;Deutsche;weiblich;verwitwet;-;-;-;-;-;-;-;-;-;-;-;-;-;-;-;-;-;-;1;3;5;17;23;27;57;75;131;153;221;329;397;484;648;708;924;1109;1310;1492;1806;2091;2454;2728;3135;4003;5021;6132;7569;9060;10903;12867;15084;17753;20621;22822;26480;29759;32373;34841;38336;41730;45420;49382;53197;58796;63470;69674;73856;73516;75408;70670;67685;97737;106192;111780;150014;173100;184354;185249;184410;190630;194315;187379;154860;155523;158577;1140773
31.12.2015;Deutsche;weiblich;geschieden;-;-;-;-;-;-;-;-;-;-;-;-;-;-;-;-;-;2;3;15;80;236;570;1105;1949;3236;4676;6702;8752;11080;13404;16031;19163;22764;25904;29124;31268;33612;36266;38844;39882;43949;47638;55429;66091;73337;84148;93970;101598;107739;109710;114422;113437;110799;108042;101988;97489;88287;84441;80078;75354;73291;69073;67493;64568;62192;57447;50897;46334;39937;34756;44695;44414;40706;47147;46317;42476;36813;32110;28189;24756;21008;15030;13732;12632;74488
31.12.2015;Deutsche;weiblich;Lebenspartnerschaft;-;-;-;-;-;-;-;-;-;-;-;-;-;-;-;-;-;-;2;14;31;64;114;168;282;396;564;717;778;939;984;1084;1216;1281;1397;1512;1466;1494;1522;1352;1271;1293;1108;1187;1341;1370;1460;1569;1533;1595;1562;1564;1430;1345;1234;1108;961;877;836;742;650;602;560;496;502;485;408;346;263;301;239;352;269;225;259;188;175;118;111;96;69;79;50;44;32;166
31.12.2015;Deutsche;weiblich;Lebenspartnerschaft aufgehoben;-;-;-;-;-;-;-;-;-;-;-;-;-;-;-;-;-;-;1;1;4;8;18;25;55;77;80;124;120;173;168;167;187;201;206;217;229;245;204;205;203;176;165;162;184;201;162;213;165;163;163;145;127;117;101;76;89;60;52;44;33;35;27;14;20;19;14;13;5;5;12;7;9;3;1;3;5;1;2;1;1;1;-;-;-;5
31.12.2015;Deutsche;weiblich;Lebenspartner verstorben;-;-;-;-;-;-;-;-;-;-;-;-;-;-;-;-;-;-;4;-;3;2;-;-;1;1;2;-;2;2;2;-;1;4;4;6;4;3;6;5;7;1;9;6;8;17;9;17;14;16;23;18;19;21;21;23;21;15;17;22;14;18;20;18;20;32;13;15;16;14;21;22;25;22;15;21;13;20;8;13;12;6;6;7;7;73
31.12.2015;Ausländer;männlich;ledig;39902;38383;35081;34623;35221;33564;32295;32221;30722;29717;29125;29852;29671;29836;31551;36536;55653;58503;72034;75617;82276;84677;86875;89004;90151;95894;91206;89139;81427;74718;69124;62182;55679;52184;46439;45379;38661;35397;32753;30422;28809;26732;23673;22230;20230;19651;17517;16207;14543;12585;11824;10679;9363;8493;7551;7332;6233;5536;4849;4393;3912;3345;2801;2462;2196;2169;1911;1760;1618;1325;1073;1009;878;833;716;773;667;575;462;414;348;293;264;198;156;759
31.12.2015;Ausländer;männlich;verheiratet;-;-;-;-;-;-;-;-;-;-;-;-;-;-;-;-;26;64;447;1052;1900;2711;4220;6112;8876;12517;15884;19937;23529;26169;30264;32844;35936;40056;42756;46919;47837;49090;50597;51451;52566;53707;53170;53493;52752;52630;52102;50479;46896;47485;46951;45957;43192;39664;34742;34588;31335;29852;29221;29886;26669;23364;20740;21566;20921;24725;24933;25682;25882;23657;20727;19732;18420;18331;16336;16783;14710;13035;10864;9091;7258;6636;5509;4075;3024;9841
31.12.2015;Ausländer;männlich;verwitwet;-;-;-;-;-;-;-;-;-;-;-;-;-;-;-;-;-;-;4;4;8;6;7;11;12;15;34;36;48;53;67;66;61;76;80;108;128;130;154;149;221;212;222;280;314;366;372;378;428;451;485;534;569;566;554;631;642;649;734;783;751;798;786;798;864;1112;1150;1261;1384;1312;1268;1297;1384;1453;1533;1676;1457;1594;1428;1294;1090;1134;1027;891;768;3807
31.12.2015;Ausländer;männlich;geschieden;-;-;-;-;-;-;-;-;-;-;-;-;-;-;-;-;3;3;7;11;16;47;75;137;256;370;625;936;1165;1497;1970;2425;2853;3417;4306;4814;5461;5812;6514;6907;7433;7912;8099;8359;8876;9000;9222;9252;8551;8738;8743;8406;7850;7408;6801;6767;5937;5821;5300;5146;4615;4180;3677;3519;3115;3245;3037;2897;2682;2312;1750;1646;1432;1376;1207;1164;1069;905;774;678;523;431;339;279;246;798
31.12.2015;Ausländer;männlich;Lebenspartnerschaft;-;-;-;-;-;-;-;-;-;-;-;-;-;-;-;-;-;-;2;2;10;17;35;61;77;90;128;172;167;201;242;245;253;249;315;303;346;314;284;293;252;269;242;254;208;248;204;182;214;169;174;159;140;119;122;113;91;85;71;79;59;54;51;58;53;62;51;35;37;44;28;28;26;21;14;13;12;9;14;6;10;8;2;5;3;11
31.12.2015;Ausländer;männlich;Lebenspartnerschaft aufgehoben;-;-;-;-;-;-;-;-;-;-;-;-;-;-;-;-;-;1;2;4;1;6;7;8;16;22;23;24;33;44;34;40;61;83;65;69;83;83;76;68;70;67;61;50;39;45;35;42;28;31;25;23;16;19;16;13;4;8;6;4;2;1;2;-;2;2;3;3;1;1;5;2;-;1;-;-;-;-;1;-;-;-;-;-;-;-
31.12.2015;Ausländer;männlich;Lebenspartner verstorben;-;-;-;-;-;-;-;-;-;-;-;-;-;-;-;-;-;-;-;1;-;-;-;1;1;2;1;3;-;2;4;4;2;2;4;6;5;7;4;10;7;6;8;7;7;9;5;7;7;6;3;6;3;5;5;3;3;3;3;6;4;2;4;1;3;2;1;-;1;2;4;8;2;2;6;1;3;1;-;1;1;-;3;2;1;3
31.12.2015;Ausländer;weiblich;ledig;36602;35488;31824;31916;32250;30490;29415;29440;27971;26540;25979;26704;26546;25933;26207;28609;40231;41080;44026;47960;52827;56117;57480;57782;58526;59343;57119;53142;47733;42814;38716;34920;31261;28812;25530;24059;20910;18693;17201;15619;14761;13713;12437;11469;10279;9707;8657;8149;7273;6319;5807;5203;4851;4386;3913;3927;3290;3026;2672;2451;2339;2125;1887;1805;1586;1680;1386;1263;1183;1051;855;770;641;655;641;633;561;539;508;408;392;281;278;229;204;1363
31.12.2015;Ausländer;weiblich;verheiratet;-;-;-;-;-;-;-;-;-;-;-;-;2;7;19;63;235;503;1567;3201;5188;7440;9995;13420;17434;22292;26394;31516;35270;38278;42393;45451;48347;52560;55322;58016;58318;58415;58702;58707;58791;59287;58585;57324;55056;54085;51101;48464;44121;43849;42807;40443;36918;35158;31625;32252;28705;27173;25782;26669;26750;26545;25473;26388;23764;26252;24060;22081;20264;17398;14997;13181;11360;10518;8735;8683;7193;6201;5179;4160;3268;2602;2205;1824;1247;4924
31.12.2015;Ausländer;weiblich;verwitwet;-;-;-;-;-;-;-;-;-;-;-;-;-;-;-;-;-;4;5;5;17;17;34;43;37;66;101;85;113;117;170;201;263;276;329;434;507;540;666;678;818;929;1064;1159;1303;1417;1545;1716;1734;1812;2003;2183;2294;2561;2625;2991;3013;3061;3260;3723;4409;4454;4703;5345;5196;6628;6477;6461;6370;6114;5835;5842;5337;5445;5382;6062;5328;5110;4762;4258;3838;3462;3150;2884;2470;15340
31.12.2015;Ausländer;weiblich;geschieden;-;-;-;-;-;-;-;-;-;-;-;-;-;-;1;1;4;1;8;19;48;98;190;316;506;727;1025;1431;1752;2322;2725;3488;4119;4853;5777;6552;7152;7509;8198;9090;9675;10224;10436;10433;10625;10727;10585;10287;9501;9074;8829;8619;7971;7423;6727;6511;5965;5554;5170;4993;4884;4608;4283;4295;3801;3945;3502;3380;2950;2616;2079;1852;1674;1549;1386;1372;1295;1205;1017;817;679;582;554;469;377;1867
31.12.2015;Ausländer;weiblich;Lebenspartnerschaft;-;-;-;-;-;-;-;-;-;-;-;-;-;-;-;-;-;-;-;2;1;8;7;12;19;28;50;40;45;52;53;75;88;81;81;95;92;96;79;86;70;73;89;72;87;66;65;76;59;70;77;55;51;43;35;40;35;33;26;30;26;22;19;21;22;22;18;8;15;11;11;11;8;4;6;5;4;3;1;3;3;1;2;1;2;4
31.12.2015;Ausländer;weiblich;Lebenspartnerschaft aufgehoben;-;-;-;-;-;-;-;-;-;-;-;-;1;1;1;1;-;2;-;1;2;7;6;6;9;11;10;12;18;10;20;15;14;28;20;26;21;16;23;17;19;20;14;20;15;21;12;11;9;10;12;13;17;7;5;6;1;2;1;2;4;4;4;1;3;2;-;3;-;-;1;-;-;-;-;1;-;-;1;-;-;-;-;-;-;1
31.12.2015;Ausländer;weiblich;Lebenspartner verstorben;-;-;-;-;-;-;-;-;-;-;-;-;-;-;-;-;-;-;-;1;-;-;2;-;-;-;2;-;2;1;1;-;-;-;1;1;-;-;-;-;1;1;2;-;-;1;2;-;1;-;1;1;1;2;2;3;-;2;3;1;-;1;-;-;-;1;-;1;1;2;2;-;1;-;-;-;-;1;-;-;-;1;-;-;-;2
31.12.2016;Deutsche;männlich;ledig;353889;344568;341977;332675;332128;323652;333915;329862;339289;340116;334250;339466;347486;347975;354717;363815;378466;368495;375576;387408;380864;367403;369442;378611;378655;385740;414067;391067;383577;354981;326006;293614;273637;256358;244926;223998;207876;184334;170883;159304;144154;131971;127159;123729;131797;143837;144325;150963;154240;151700;147510;139762;134696;124628;112978;104164;93762;84961;75331;67922;60969;54607;49405;44286;40536;36709;33897;29754;25029;21212;17920;14665;18825;18441;17299;20018;19529;17387;14639;12145;10505;8611;6890;4689;3976;15477
31.12.2016;Deutsche;männlich;verheiratet;-;-;-;-;-;-;-;-;-;-;-;-;-;-;-;-;4;4;40;239;765;1884;3902;7383;13000;21607;35505;50212;70503;89474;108711;123475;141230;158692;176796;189777;201417;201804;207821;213809;216770;216159;222973;230590;256911;291191;305900;337539;358644;376668;393695;401424;413666;418402;410583;411890;402216;398472;380178;375679;367688;360031;355245;345940;346849;341590;338181;327376;295670;273490;233390;199828;272883;273808;258577;309442;314208;299475;266558;235725;212964;190057;159376;113951;99638;393144
31.12.2016;Deutsche;männlich;verwitwet;-;-;-;-;-;-;-;-;-;-;-;-;-;-;-;-;-;1;2;-;2;1;2;10;9;14;19;32;36;70;88;99;152;155;186;222;288;356;432;432;532;603;750;859;1106;1537;1834;2208;2762;3240;3886;4338;5255;5930;6717;7563;8184;9010;9555;10356;11182;12242;13307;13959;15427;16476;18185;19214;18787;19130;18060;17288;25697;28583;30092;39251;44767;46222;45768;44963;45461;45600;43345;34815;35411;253880
31.12.2016;Deutsche;männlich;geschieden;-;-;-;-;-;-;-;-;-;-;-;-;-;-;-;-;-;-;-;3;6;42;115;251;506;903;1611;2480;3740;5068;6569;8047;10047;12544;15292;17603;20250;21985;24293;26327;28515;29991;32752;35173;42889;50931;56867;66107;73819;80895;87016;90879;96620;98048;95989;95702;90741;88112;81047;77298;71778;66723;62912;58594;55327;51902;48648;44816;39593;35003;28934;24005;30177;28952;25925;28831;26530;23875;19614;15812;13471;11188;8935;5961;5020;17368
31.12.2016;Deutsche;männlich;Lebenspartnerschaft;-;-;-;-;-;-;-;-;-;-;-;-;-;-;-;-;-;-;2;12;22;38;50;102;160;225;370;413;527;581;688;738;789;967;1017;1126;1242;1341;1362;1494;1453;1358;1353;1403;1456;1787;1945;2193;2345;2214;2409;2360;2258;2079;1898;1858;1619;1411;1218;1096;1011;917;825;775;754;722;681;643;546;492;475;453;715;510;459;576;459;331;288;199;183;117;103;70;53;240
31.12.2016;Deutsche;männlich;Lebenspartnerschaft aufgehoben;-;-;-;-;-;-;-;-;-;-;-;-;-;-;-;-;-;-;-;-;2;8;6;13;15;37;58;57;85;93;120;148;147;171;195;195;214;222;221;203;181;194;192;159;201;205;200;232;249;214;201;204;173;189;134;138;118;102;92;72;65;47;59;49;31;32;32;33;21;16;19;11;18;21;15;25;14;13;5;7;5;4;4;1;2;1
31.12.2016;Deutsche;männlich;Lebenspartner verstorben;-;-;-;-;-;-;-;-;-;-;-;-;-;-;-;-;-;-;-;-;-;1;1;-;3;2;5;1;3;3;3;12;7;10;15;19;22;18;17;26;24;20;23;19;33;33;35;41;46;57;50;65;59;60;67;57;76;46;52;49;55;48;46;39;50;40;61;29;56;32;54;67;73;55;50;63;66;38;19;29;27;22;13;16;12;51
31.12.2016;Deutsche;weiblich;ledig;337666;327330;324709;316071;315068;307851;318083;312894;322686;322245;316465;322614;330217;330348;336363;344231;359573;348497;356483;367375;358610;344544;343216;348423;343971;341585;356441;328356;310324;279287;251871;221265;202592;187779;175294;160994;149323;130657;120907;112454;101957;91725;88236;85464;89719;97326;95940;99297;98833;96530;92968;86319;82820;76755;68743;63759;57034;52119;46470;42997;39203;35529;33197;29854;27730;25279;23158;20693;17651;15371;12683;11534;14618;15200;14934;17798;18822;18683;17682;16839;16251;15711;14350;11514;11620;97314
31.12.2016;Deutsche;weiblich;verheiratet;-;-;-;-;-;-;-;-;-;-;-;-;-;-;-;1;6;39;532;1819;3929;7103;12434;20168;31960;48091;72027;92779;119870;140709;161651;175263;190434;205150;223733;233341;242743;237567;239378;240960;241744;237615;244545;249563;276956;310553;326255;355690;377287;394221;409941;414246;427169;430979;421395;422632;409022;402090;381657;374150;363293;351705;345358;334253;329086;320824;313192;299442;266300;246907;209995;180491;242186;239319;222903;263971;261759;243376;207239;176435;152896;129214;103069;69312;58370;202809
31.12.2016;Deutsche;weiblich;verwitwet;-;-;-;-;-;-;-;-;-;-;-;-;-;-;-;-;-;-;1;3;6;11;18;28;40;81;95;179;208;277;382;484;570;769;848;1116;1273;1526;1710;2070;2347;2727;3054;3542;4439;5606;6754;8366;9976;11941;14025;16497;19277;22481;24859;28687;32139;35060;37668;41409;44920;48935;53174;56983;62893;67949;74267;78519;77968;79840;74706;71345;102995;111771;116986;156427;180210;190858;190727;188555;193616;195945;186787;152851;151664;1148495
31.12.2016;Deutsche;weiblich;geschieden;-;-;-;-;-;-;-;-;-;-;-;-;-;-;-;-;-;-;2;13;79;230;505;968;1730;2779;4363;6019;8354;10570;13087;15384;18089;21525;25217;28354;31552;33617;35919;38610;41141;42303;46302;49922;57973;68649;75640;86532;96157;103445;108276;110772;115203;113673;110920;107713;101490;96920;87802;83878;79158;74720;72564;68345;66614;63819;61525;56635;50127;45645;39167;34056;43805;43448;39772;45968;45079;41225;35565;30947;26956;23499;19824;14060;12762;75449
31.12.2016;Deutsche;weiblich;Lebenspartnerschaft;-;-;-;-;-;-;-;-;-;-;-;-;-;-;-;-;-;-;4;13;36;69;113;183;281;422;581;794;908;1044;1207;1228;1319;1447;1501;1638;1724;1689;1670;1654;1498;1382;1410;1217;1278;1476;1491;1602;1697;1676;1733;1677;1667;1528;1449;1342;1171;1011;927;911;794;703;620;591;519;536;513;424;358;269;301;248;359;268;234;263;188;177;121;106;93;68;80;48;42;185
31.12.2016;Deutsche;weiblich;Lebenspartnerschaft aufgehoben;-;-;-;-;-;-;-;-;-;-;-;-;-;-;-;-;-;-;-;1;3;7;13;31;41;73;102;115;166;162;227;214;210;218;253;251;262;267;301;244;249;226;219;188;199;207;224;197;241;180;191;180;170;154;130;110;87;100;75;57;46;38;42;33;16;22;23;15;17;6;8;13;7;12;4;1;2;5;1;2;1;1;1;-;-;5
31.12.2016;Deutsche;weiblich;Lebenspartner verstorben;-;-;-;-;-;-;-;-;-;-;-;-;-;-;-;-;-;-;-;4;-;3;2;-;-;1;2;2;-;3;2;2;-;2;5;3;6;4;5;8;7;10;2;8;10;13;19;13;19;20;24;32;24;24;26;32;32;29;25;23;25;18;29;25;21;23;39;18;19;20;18;24;29;27;24;19;23;19;21;10;13;13;7;8;8;84
31.12.2016;Ausländer;männlich;ledig;49675;47131;44879;41049;40617;40831;38876;37658;37637;35354;34394;33309;33752;33768;34405;37548;46698;69132;72903;86004;88741;92287;94433;96148;97036;97012;101503;95939;92853;84297;77048;71381;64013;57084;53793;48050;46902;40360;36925;34384;31764;30210;27882;25134;23594;21739;20978;18562;17407;15660;13563;12699;11421;10064;9040;8050;7876;6608;5866;5160;4636;4133;3518;2914;2597;2234;2213;1908;1772;1640;1321;1101;982;864;805;701;755;627;553;426;390;320;265;244;175;830
31.12.2016;Ausländer;männlich;verheiratet;-;-;-;-;-;-;-;-;-;-;-;-;-;-;-;2;7;35;169;785;1565;2726;4094;6118;8546;11689;15672;19204;23219;26481;28716;32634;34694;37443;41083;43266;47425;48013;49077;50292;51252;52314;53374;52695;53023;52069;51948;51321;50000;46210;46811;46331;45104;42433;38864;33960;33919;30723;29220;28497;29034;25833;22699;20032;20884;20142;23787;24046;24856;25050;22810;19904;18967;17627;17584;15585;15923;13984;12299;10165;8505;6699;6162;5087;3726;11371
31.12.2016;Ausländer;männlich;verwitwet;-;-;-;-;-;-;-;-;-;-;-;-;-;-;-;-;-;-;-;4;4;11;11;15;13;25;20;39;49;60;68;80;85;81;87;96;119;144;146;173;172;227;231;248;303;339;378;431;417;477;487;537;574;600;603;591;673;680;701;789;839;803;835;825;877;909;1167;1225;1328;1441;1378;1338;1366;1465;1500;1590;1735;1474;1592;1441;1277;1107;1109;990;856;4162
31.12.2016;Ausländer;männlich;geschieden;-;-;-;-;-;-;-;-;-;-;-;-;-;-;-;-;1;3;3;16;25;49;109;166;265;444;604;927;1308;1606;1954;2426;2973;3327;3929;4833;5298;5909;6282;6973;7391;7854;8351;8469;8719;9183;9320;9592;9476;8884;8997;8953;8556;7957;7491;6842;6808;5931;5831;5307;5126;4556;4126;3631;3432;3041;3152;2928;2808;2591;2215;1696;1578;1377;1312;1140;1109;1026;869;719;633;490;399;310;261;961
31.12.2016;Ausländer;männlich;Lebenspartnerschaft;-;-;-;-;-;-;-;-;-;-;-;-;-;-;-;-;-;-;2;9;14;23;43;70;105;116;153;160;225;175;236;287;260;263;271;326;305;342;310;298;292;262;270;236;262;226;257;212;196;220;177;186;162;149;118;132;112;95;89;77;81;64;57;53;63;57;60;53;38;40;47;30;30;24;21;16;13;12;10;13;7;11;7;2;5;11
31.12.2016;Ausländer;männlich;Lebenspartnerschaft aufgehoben;-;-;-;-;-;-;-;-;-;-;-;-;-;-;-;-;-;1;3;5;5;3;9;9;10;20;29;29;35;40;50;42;47;72;87;71;76;83;90;77;77;72;65;69;49;38;49;36;44;31;32;27;24;16;20;17;13;4;8;7;4;2;1;4;1;3;3;3;3;1;1;5;2;-;1;-;-;-;-;1;-;-;-;-;-;-
31.12.2016;Ausländer;männlich;Lebenspartner verstorben;-;-;-;-;-;-;-;-;-;-;-;-;-;-;-;1;-;-;-;-;-;-;-;-;3;1;2;1;2;-;2;4;5;2;2;5;7;6;6;4;12;9;7;7;9;6;12;5;9;8;8;3;8;3;6;4;2;2;3;3;6;5;2;4;2;2;3;2;1;3;2;5;8;2;2;6;1;3;1;-;1;2;-;3;2;4
31.12.2016;Ausländer;weiblich;ledig;47069;43490;41652;37408;37395;37315;35116;34200;34292;32055;30389;29691;29979;29730;28862;29222;32264;42990;45529;51420;56597;59402;61073;63223;62805;62632;62916;60177;55310;49691;44815;40555;36472;32797;30204;26698;25531;22007;20106;18456;16914;15969;14892;13596;12476;11238;10641;9580;9007;8071;7058;6508;5743;5358;4875;4322;4398;3697;3286;2930;2684;2577;2348;2033;1959;1698;1822;1467;1329;1240;1085;928;804;683;676;656;628;567;528;502;411;400;285;278;232;1426
31.12.2016;Ausländer;weiblich;verheiratet;-;-;-;-;-;-;-;-;-;-;-;-;-;4;8;39;151;452;1386;3349;5487;7855;10429;13454;17293;21669;26526;30815;35428;38989;41587;45364;47711;50133;53719;56678;58845;59061;58973;59015;58945;58732;59337;58556;57101;55000;53851;50904;48313;43943;43587;42515;40034;36525;34701;31206;31821;28177;26658;25142;26067;26025;25871;24736;25581;22900;25230;23133;21244;19516;16692;14413;12549;10821;9923;8212;8108;6691;5722;4752;3747;2967;2321;2005;1627;5447
31.12.2016;Ausländer;weiblich;verwitwet;-;-;-;-;-;-;-;-;-;-;-;-;-;-;-;-;-;1;5;6;14;22;26;44;45;60;86;134;126;150;151;207;236;308;319;373;486;558;577;735;731;903;1012;1147;1248;1415;1561;1641;1850;1893;1947;2152;2384;2474;2727;2821;3177;3184;3246;3462;3961;4653;4707;4944;5634;5423;6910;6735;6715;6580;6314;6047;6091;5493;5605;5571;6219;5436;5175;4857;4296;3852;3465;3100;2837;16173
31.12.2016;Ausländer;weiblich;geschieden;-;-;-;-;-;-;-;-;-;-;-;-;-;-;-;1;4;7;6;36;86;142;256;416;588;863;1207;1493;1960;2316;2874;3274;4061;4760;5578;6319;7128;7671;8053;8764;9639;10191;10689;10922;10930;11098;11219;10985;10644;9784;9285;8992;8809;8148;7523;6775;6581;5974;5536;5161;4992;4826;4545;4218;4284;3760;3863;3418;3313;2886;2552;2034;1816;1628;1522;1353;1330;1264;1171;987;776;653;553;526;432;2043
31.12.2016;Ausländer;weiblich;Lebenspartnerschaft;-;-;-;-;-;-;-;-;-;-;-;-;-;1;-;-;-;1;-;1;4;4;17;16;18;30;36;67;60;65;77;79;86;106;95;87;104;99;103;77;99;72;81;92;76;91;75;68;79;63;69;80;60;56;47;34;40;37;34;23;32;28;20;23;23;22;22;17;8;17;14;13;12;8;4;7;6;4;4;1;5;3;1;2;1;6
31.12.2016;Ausländer;weiblich;Lebenspartnerschaft aufgehoben;-;-;-;-;-;-;-;-;-;-;-;-;-;1;1;1;1;-;1;1;2;3;6;5;9;10;13;13;15;21;12;21;20;17;31;23;31;24;23;28;16;23;22;15;21;17;23;12;14;12;10;14;14;17;9;5;6;-;6;1;2;4;4;4;1;3;2;-;3;-;-;-;-;-;-;-;1;-;-;1;-;-;-;-;-;1
31.12.2016;Ausländer;weiblich;Lebenspartner verstorben;-;-;-;-;-;-;-;-;-;-;-;-;-;-;-;-;-;-;-;-;1;-;2;2;-;-;-;2;-;2;1;1;1;1;-;1;1;-;-;-;1;1;1;2;-;-;1;2;-;1;1;1;1;2;2;2;3;-;3;3;2;-;1;-;-;-;1;1;1;1;2;3;-;1;-;-;-;-;1;-;-;-;1;-;-;2
31.12.2017;Deutsche;männlich;ledig;351799;354556;344842;342186;332825;332213;323527;334033;330151;339728;340589;334769;339828;347925;348405;355221;364387;379203;369278;376447;387056;379532;364930;365473;372812;369841;373681;397451;371602;361456;331130;303447;273121;255031;239480;229417;210546;196348;174659;162585;151981;138400;127227;122888;119945;128068;139867;140712;147389;150603;147586;144120;136499;131578;121639;110189;101633;91445;82775;73241;65932;59178;52913;47821;42740;39055;35326;32572;28577;23959;20241;17000;13899;17787;17404;16206;18725;18179;16096;13461;11092;9523;7742;6101;4126;16240
31.12.2017;Deutsche;männlich;verheiratet;-;-;-;-;-;-;-;-;-;-;-;-;-;-;-;-;1;5;42;196;711;1724;3618;6794;11949;20090;31702;49696;67404;90044;110785;128685;141434;157600;173264;189717;200845;210646;209397;213956;218735;220484;218791;225163;232239;258126;292064;306429;337727;358611;377526;393289;400777;412852;417597;409661;410679;400608;396499;378111;373622;364842;356682;351435;341821;342334;336177;332167;321042;289318;267137;227177;193978;264213;264403;248914;296459;299385;283955;251073;220212;197106;173649;143884;101662;405164
31.12.2017;Deutsche;männlich;verwitwet;-;-;-;-;-;-;-;-;-;-;-;-;-;-;-;-;-;-;1;2;-;4;6;3;11;12;18;31;42;38;89;110;126;177;205;238;274;344;384;478;517;625;691;854;966;1245;1677;2071;2460;3028;3650;4315;4785;5762;6485;7313;8154;8902;9800;10278;11243;12089;13181;14259;14927;16554;17585;19568;20406;19985;20316;19127;18259;27037;30029;31442;40970;46530;47885;47073;46238;46246;46134;43402;34333;257849
31.12.2017;Deutsche;männlich;geschieden;-;-;-;-;-;-;-;-;-;-;-;-;-;-;-;-;-;-;-;2;11;31;94;204;383;737;1278;2186;3192;4762;6092;7821;9514;11487;14055;16960;19248;21834;23462;25804;28056;29930;31508;34272;36621;44501;52693;58485;67625;75327;81513;87780;91453;96777;97757;95362;94733;89592;86749;79604;75369;70081;65002;61282;56783;53497;50253;47082;43256;38084;33621;27781;22926;28794;27558;24593;27284;24889;22384;18271;14654;12379;10240;8038;5317;18969
31.12.2017;Deutsche;männlich;Lebenspartnerschaft;-;-;-;-;-;-;-;-;-;-;-;-;-;-;-;-;-;-;3;6;19;27;57;82;138;215;292;472;514;649;709;841;860;906;1085;1151;1230;1373;1455;1453;1599;1547;1448;1428;1482;1530;1877;2049;2306;2459;2336;2508;2459;2350;2137;1965;1928;1672;1446;1255;1144;1035;920;828;794;762;729;688;646;549;488;466;449;706;501;448;557;444;333;274;190;180;112;93;65;269
31.12.2017;Deutsche;männlich;Lebenspartnerschaft aufgehoben;-;-;-;-;-;-;-;-;-;-;-;-;-;-;-;-;-;-;-;-;-;2;12;8;18;24;55;69;70;115;115;138;169;172;183;215;219;244;240;263;217;213;212;206;167;234;226;216;255;260;235;220;213;194;205;152;146;123;114;95;75;70;49;62;54;32;34;36;34;22;19;19;13;20;22;15;26;16;13;5;8;6;4;5;1;3
31.12.2017;Deutsche;männlich;Lebenspartner verstorben;-;-;-;-;-;-;-;-;-;-;-;-;-;-;-;-;-;-;-;-;-;-;1;1;-;3;2;5;3;3;4;3;16;11;14;20;24;25;29;24;35;32;21;27;24;36;43;42;54;60;64;63;82;68;78;77;63;84;51;59;50;64;57;54;46;59;47;67;34;63;37;62;69;83;63;56;79;77;42;27;32;28;23;16;16;64
31.12.2017;Deutsche;weiblich;ledig;334532;338305;327639;324949;316186;315060;307727;318139;313253;323171;322644;316771;323006;330613;330742;336846;344781;360296;349138;356747;366191;356070;339926;336049;337905;329527;323810;333878;304921;285776;255514;231237;204210;187817;175255;164611;152150;141612;124657;115779;108023;98733;89136;85996;83414;87745;95169;93912;97160;96838;94224;91158;84700;81315;75308;67455;62531;56026;51211;45662;42162;38489;34939;32561;29340;27187;24831;22705;20256;17250;15021;12343;11238;14162;14756;14493;17265;18157;18005;16890;16047;15364;14804;13409;10685;91620
31.12.2017;Deutsche;weiblich;verheiratet;-;-;-;-;-;-;-;-;-;-;-;-;-;-;-;-;2;14;437;1581;3727;6931;11709;19286;29841;45195;64502;92650;114402;142530;162461;180511;190832;203692;216301;232870;240827;248800;242064;242852;243912;243368;238729;245104;249790;276941;310526;325736;355179;376465;394214;408799;412803;425751;429123;419306;419990;406159;398634;377862;370318;358619;346504;339937;328385;322787;313839;305444;291399;258442;238852;202387;173448;232172;228507;211762;249508;245407;226601;191106;160929;137581;114632;89859;59268;207938
31.12.2017;Deutsche;weiblich;verwitwet;-;-;-;-;-;-;-;-;-;-;-;-;-;-;-;-;-;-;-;2;5;8;14;21;39;60;102;130;227;268;352;468;569;687;881;994;1300;1461;1715;1991;2323;2638;3022;3385;3965;4951;6250;7462;9187;10956;13031;15322;18024;20994;24372;27078;31081;34721;37987;40794;44612;48341;52554;57072;60914;67129;72424;79076;83509;82585;84554;78873;75121;107942;117091;122293;162825;187026;197174;195786;191991;195582;195888;184716;149425;1143730
31.12.2017;Deutsche;weiblich;geschieden;-;-;-;-;-;-;-;-;-;-;-;-;-;-;-;-;-;-;-;11;63;198;435;780;1415;2390;3597;5526;7381;9955;12231;14845;17104;19959;23386;27278;30367;33743;35712;37961;40522;43153;44182;48216;51896;59740;70356;77393;88026;97428;103919;109062;111139;115153;113453;110302;107073;100693;96013;86957;82766;78347;73897;71638;67444;65674;63067;60697;55720;49326;44762;38326;33320;42788;42402;38706;44759;43724;39896;34204;29591;25641;22155;18605;13003;75971
31.12.2017;Deutsche;weiblich;Lebenspartnerschaft;-;-;-;-;-;-;-;-;-;-;-;-;-;-;-;-;-;-;4;14;28;59;110;156;260;385;562;772;986;1093;1268;1412;1409;1489;1613;1679;1762;1861;1795;1806;1771;1583;1462;1506;1292;1362;1558;1577;1678;1775;1778;1798;1755;1741;1611;1523;1410;1219;1051;947;940;808;709;649;618;545;548;521;437;366;277;304;251;358;267;233;264;184;179;121;109;92;65;78;43;207
31.12.2017;Deutsche;weiblich;Lebenspartnerschaft aufgehoben;-;-;-;-;-;-;-;-;-;-;-;-;-;-;-;-;-;-;-;-;2;6;13;29;42;61;99;136;150;213;201;277;262;261;252;300;314;305;320;339;286;284;253;255;218;221;227;254;233;270;210;222;208;196;175;144;123;103;107;92;61;54;42;46;33;16;24;23;16;19;8;7;13;8;14;7;1;2;4;1;2;1;1;1;-;4
31.12.2017;Deutsche;weiblich;Lebenspartner verstorben;-;-;-;-;-;-;-;-;-;-;-;-;-;-;-;-;-;-;-;-;4;-;3;3;-;-;1;3;2;-;4;2;3;1;3;5;4;8;5;5;8;10;12;3;8;12;17;26;15;24;23;30;34;28;26;32;31;35;31;28;25;32;28;32;32;26;28;43;20;22;22;20;26;32;32;28;23;27;24;23;10;13;13;10;8;100
31.12.2017;Ausländer;männlich;ledig;50770;53209;51081;48598;44352;44158;44071;42114;40645;40778;38118;37187;35978;36185;36275;37135;41215;50212;75322;82172;94578;96116;99702;102253;103066;102798;102017;105255;98976;95019;86217;78690;72760;65640;59069;55117;49625;48990;42329;38929;36202;33697;32065;29849;26870;25239;23337;22658;20243;18935;16981;14637;13622;12235;10794;9652;8573;8419;7096;6236;5483;4860;4369;3626;3004;2625;2243;2240;1905;1749;1632;1292;1103;952;835;776;667;749;600;538;389;366;302;245;243;913
31.12.2017;Ausländer;männlich;verheiratet;-;-;-;-;-;-;-;-;-;-;-;-;-;-;-;1;4;11;79;347;1090;2193;3785;5681;8008;10905;14449;18644;22165;25984;29018;30901;34523;36145;38716;42182;44174;47956;48307;49221;50429;51361;52371;53272;52584;52750;52001;51630;51152;49595;45930;46444;45801;44542;41905;38466;33516;33457;30327;28740;27886;28394;25199;21992;19453;20149;19336;22983;23295;23998;24147;22020;19144;18156;16894;16804;14836;15124;13210;11519;9473;7904;6222;5702;4655;13324
31.12.2017;Ausländer;männlich;verwitwet;-;-;-;-;-;-;-;-;-;-;-;-;-;-;-;-;-;-;-;-;4;3;17;15;16;16;27;27;49;59;66;68;89;91;92;102;118;141;158;166;210;202;242;260;282;328;368;427;483;471;532;542;602;631;656;673;643;726;735;760;848;895;873;905;889;900;966;1247;1275;1405;1497;1431;1412;1460;1549;1547;1654;1782;1526;1620;1460;1265;1087;1106;970;4563
31.12.2017;Ausländer;männlich;geschieden;-;-;-;-;-;-;-;-;-;-;-;-;-;-;-;-;-;1;3;7;20;44;71;163;262;372;580;804;1194;1629;1967;2335;2774;3321;3711;4331;5193;5699;6263;6691;7345;7845;8144;8758;8905;9047;9521;9638;9908;9713;9117;9134;9068;8744;8074;7584;6882;6844;5947;5821;5260;5091;4527;4028;3537;3354;2940;3078;2839;2732;2495;2112;1640;1518;1300;1251;1098;1055;979;828;674;585;457;372;288;1119
31.12.2017;Ausländer;männlich;Lebenspartnerschaft;-;-;-;-;-;-;-;-;-;-;-;-;-;-;-;-;-;-;1;5;22;22;32;68;98;140;151;194;209;245;204;252;307;291;273;284;302;298;333;314;309;290;265;259;240;263;230;268;205;199;201;183;190;152;144;119;128;116;95;92;72;80;62;56;52;60;56;60;54;33;37;46;31;30;24;21;17;14;11;10;12;7;11;7;2;15
31.12.2017;Ausländer;männlich;Lebenspartnerschaft aufgehoben;-;-;-;-;-;-;-;-;-;-;-;-;-;-;-;-;-;-;1;1;3;7;1;13;10;11;26;33;37;43;48;55;46;54;81;91;84;77;94;87;78;84;77;68;73;49;39;47;41;45;34;36;29;25;17;20;19;15;3;8;7;4;2;2;5;2;3;3;3;2;1;2;5;2;-;1;-;-;-;-;1;-;-;-;-;-
31.12.2017;Ausländer;männlich;Lebenspartner verstorben;-;-;-;-;-;-;-;-;-;-;-;-;-;-;-;-;1;-;-;-;-;-;-;2;-;3;1;3;1;2;1;4;3;4;2;3;6;8;7;6;5;11;8;7;8;11;7;11;5;8;10;9;3;8;5;8;6;2;4;4;5;7;6;3;4;3;5;4;2;3;4;2;5;8;2;2;6;1;3;-;1;2;1;-;3;5
31.12.2017;Ausländer;weiblich;ledig;47973;50079;47066;45135;40696;40657;40203;38300;37119;37169;34731;33018;32007;32166;31799;31024;31513;34207;46578;52027;59437;63114;64498;67076;68314;66952;66013;65837;62242;57300;51230;45991;41757;37629;33903;31185;27763;26781;23058;21261;19564;18122;17143;16168;14692;13414;12261;11650;10382;9885;8781;7676;7019;6208;5807;5242;4671;4704;3933;3517;3124;2844;2746;2470;2140;2077;1774;1865;1541;1340;1275;1102;922;801;695;691;663;600;554;517;494;383;374;282;269;1507
31.12.2017;Ausländer;weiblich;verheiratet;-;-;-;-;-;-;-;-;-;-;-;-;-;-;5;10;58;229;1040;2638;5115;7733;10523;13694;16953;20942;25442;30193;34659;38817;42018;44286;47615;49497;51765;55068;57550;59823;59495;59368;59358;59249;58787;59368;58533;57130;54947;53687;50888;48163;43867;43326;42254;39666;36135;34285;30778;31360;27594;26124;24532;25277;25350;25083;23980;24720;22076;24321;22290;20424;18685;15969;13758;11913;10249;9367;7677;7557;6214;5265;4354;3423;2645;2083;1788;6310
31.12.2017;Ausländer;weiblich;verwitwet;-;-;-;-;-;-;-;-;-;-;-;-;-;1;-;-;-;-;3;7;7;17;25;33;54;49;71;94;151;143;175;170;244;274;333;366;418;510;591;636;797;823;974;1111;1229;1324;1508;1697;1744;1974;2016;2094;2324;2516;2630;2883;3012;3342;3397;3445;3668;4197;4902;4976;5212;5907;5639;7247;6983;7005;6857;6551;6272;6271;5699;5759;5757;6377;5542;5267;4888;4293;3855;3418;3027;17316
31.12.2017;Ausländer;weiblich;geschieden;-;-;-;-;-;-;-;-;-;-;-;-;-;-;-;-;1;6;15;19;66;136;236;393;604;846;1139;1506;1883;2338;2727;3230;3691;4518;5143;5905;6741;7466;8069;8440;9091;10037;10647;11124;11295;11222;11416;11488;11234;10887;9972;9451;9141;8885;8184;7533;6800;6572;5940;5448;5082;4936;4792;4493;4166;4203;3713;3760;3332;3222;2812;2472;1984;1783;1573;1485;1315;1293;1223;1125;947;741;618;520;506;2264
31.12.2017;Ausländer;weiblich;Lebenspartnerschaft;-;-;-;-;-;-;-;-;-;-;-;-;-;-;1;-;-;-;1;1;3;6;6;20;26;24;43;51;73;83;78;89;84;102;119;99;96;110;105;112;80;101;78;85;95;75;89;76;69;83;62;69;78;62;54;46;34;41;39;30;24;30;27;19;22;23;21;21;15;8;17;14;13;12;7;6;8;8;4;4;1;5;3;1;1;7
31.12.2017;Ausländer;weiblich;Lebenspartnerschaft aufgehoben;-;-;-;-;-;-;-;-;-;-;-;-;1;-;1;1;1;1;-;2;1;1;3;4;6;12;12;14;18;19;27;16;25;22;20;33;31;31;25;27;33;20;22;23;18;23;19;26;12;15;13;11;14;15;18;10;6;8;1;6;2;2;4;4;3;2;4;2;-;3;-;-;-;-;-;-;-;1;-;-;1;-;-;-;-;1
31.12.2017;Ausländer;weiblich;Lebenspartner verstorben;-;-;-;-;-;-;-;-;-;-;-;-;-;-;-;-;-;-;-;-;1;1;-;2;2;-;-;-;2;-;2;2;1;1;2;-;1;1;-;-;-;1;1;2;2;-;-;1;2;-;2;2;2;1;2;2;2;3;-;3;2;3;1;1;1;-;1;1;1;1;1;2;3;-;1;-;-;-;-;1;-;-;-;2;-;1
31.12.2018;Deutsche;männlich;ledig;348453;354138;355048;345080;342422;332955;332124;323628;334362;330576;340046;340979;335110;340144;348344;348864;355857;365070;379843;370330;376621;386409;377732;361894;360349;365061;358950;359150;378007;349758;337570;308658;282224;254665;238140;224468;215923;199036;186175;166251;155053;145800;133204;122890;119140;116407;124521;136178;137124;143724;146318;143929;140614;133219;128279;118556;107365;98983;88976;80520;71002;63926;57343;51128;46092;41163;37602;33905;31242;27340;22849;19260;16107;13191;16715;16282;15114;17442;16747;14787;12224;10072;8511;6843;5350;16841
31.12.2018;Deutsche;männlich;verheiratet;-;-;-;-;-;-;-;-;-;-;-;-;-;-;-;-;-;3;49;231;721;1720;3527;6435;11456;19016;30188;45188;67947;87815;112465;131811;148552;158657;173036;186765;201707;210767;219086;216381;219910;223282;224218;221630;227386;234016;259693;293278;307888;338914;360542;378241;393930;401265;413241;417659;409346;409773;399651;394999;376961;371228;361984;353306;347485;337486;337199;330442;325914;314320;282667;260227;220546;187839;255300;254465;238620;282668;283880;267516;234753;203966;180441;157278;128499;416555
31.12.2018;Deutsche;männlich;verwitwet;-;-;-;-;-;-;-;-;-;-;-;-;-;-;-;-;-;-;-;2;3;-;4;10;7;13;16;27;41;56;62;110;137;167;222;251;296;342;414;456;584;602;729;804;958;1097;1398;1894;2278;2742;3358;4028;4762;5307;6319;7091;7993;8891;9665;10658;11106;12190;13029;14179;15364;16057;17774;18849;20885;21779;21298;21573;20238;19345;28362;31421;32836;42820;48416;49559;48394;47092;47031;46282;43035;260215
31.12.2018;Deutsche;männlich;geschieden;-;-;-;-;-;-;-;-;-;-;-;-;-;-;-;-;-;-;-;1;6;30;77;178;337;647;1114;1802;2961;4208;6017;7451;9348;11158;13231;15830;18815;21164;23681;25214;27689;29937;31573;33141;35942;38328;46267;54583;60068;69213;76405;82701;88623;91787;96695;97295;94696;93640;88245;85201;77540;73702;68375;63165;59338;54953;51775;48594;45451;41769;36573;32249;26519;21794;27343;26055;23309;25591;23253;20791;16830;13428;11259;9234;7155;20514
31.12.2018;Deutsche;männlich;Lebenspartnerschaft;-;-;-;-;-;-;-;-;-;-;-;-;-;-;-;-;-;-;-;3;5;13;21;44;77;97;157;206;322;344;454;488;593;578;628;738;795;865;952;1005;1007;1051;1089;948;960;987;1024;1289;1346;1525;1627;1575;1650;1598;1547;1411;1276;1266;1051;929;805;732;680;600;556;524;507;476;452;434;359;326;312;309;464;351;294;374;303;224;185;138;125;76;65;228
31.12.2018;Deutsche;männlich;Lebenspartnerschaft aufgehoben;-;-;-;-;-;-;-;-;-;-;-;-;-;-;-;-;-;-;-;-;-;3;3;11;8;27;29;61;79;98;131;138;155;187;189;207;233;241;262;255;274;230;225;229;213;183;247;252;228;264;274;251;235;218;215;207;162;161;130;120;102;81;72;53;64;54;34;41;35;33;23;23;17;14;19;20;17;26;15;12;6;7;4;4;5;3
31.12.2018;Deutsche;männlich;Lebenspartner verstorben;-;-;-;-;-;-;-;-;-;-;-;-;-;-;-;-;-;-;-;-;-;-;1;1;1;-;3;4;6;3;4;4;4;18;15;18;24;24;26;34;28;36;36;22;31;25;41;47;48;60;68;75;66;92;72;88;82;74;92;54;69;58;69;60;60;54;63;55;73;39;68;38;69;70;88;69;64;80;82;50;31;34;31;21;19;87
31.12.2018;Deutsche;weiblich;ledig;331501;336691;338842;327993;325236;316328;315019;307888;318454;313639;323614;323052;317129;323386;331041;331183;337415;345487;360777;349741;356072;363913;352044;333382;326265;324078;311856;303024;309067;280338;261220;234307;213073;189207;174865;164092;155114;144181;134850;119330;111162;104360;95813;86721;83822;81413;85556;92938;91835;94959;94257;92250;89311;82998;79686;73778;66153;61349;54983;50212;44716;41425;37786;34216;31905;28699;26607;24332;22230;19770;16850;14665;12003;10884;13726;14257;14025;16620;17426;17210;16039;15141;14405;13805;12435;85570
31.12.2018;Deutsche;weiblich;verheiratet;-;-;-;-;-;-;-;-;-;-;-;-;-;-;-;-;1;3;458;1547;3528;6910;11535;18479;28927;43038;62024;84384;116248;137721;165997;182954;197981;204905;215897;226613;241594;247731;254558;246504;246580;246327;245095;239986;245897;250388;277491;310872;325982;355227;377555;393990;408124;412206;424892;428009;417692;417797;403345;395310;374494;365969;353865;341272;333855;322107;315888;306336;297574;282905;250006;230340;194340;165967;221565;217090;200263;234511;228488;209396;174472;145225;122331;100254;76947;212599
31.12.2018;Deutsche;weiblich;verwitwet;-;-;-;-;-;-;-;-;-;-;-;-;-;-;-;-;-;-;-;2;3;7;12;24;35;55;73;137;175;299;327;444;557;668;808;1008;1146;1527;1676;1932;2298;2632;2980;3359;3780;4422;5504;6978;8225;10097;12049;14312;16780;19724;22919;26493;29344;33736;37661;41171;44053;48113;52068;56424;61303;65193;71682;77262;83941;88619;87467;89314;83257;78948;113267;122437;127373;169011;193397;202620;200057;194571;196203;194323;181203;1134944
31.12.2018;Deutsche;weiblich;geschieden;-;-;-;-;-;-;-;-;-;-;-;-;-;-;-;-;-;-;2;5;72;178;382;724;1234;2058;3272;4625;6926;9037;11816;14242;16782;19266;22047;25620;29451;32734;36083;37829;40142;42867;45222;46129;50374;53775;61573;72233;78930;89508;97975;104683;109657;111282;114897;112909;109552;106125;99796;95032;85736;81930;77400;72958;70686;66564;64801;62146;59718;54791;48393;43867;37543;32474;41752;41258;37554;43313;42260;38322;32761;28160;24230;20761;17238;76413
31.12.2018;Deutsche;weiblich;Lebenspartnerschaft;-;-;-;-;-;-;-;-;-;-;-;-;-;-;-;-;-;-;-;3;10;22;44;70;120;165;256;348;495;631;707;783;833;843;918;963;1024;1105;1197;1149;1154;1163;1014;958;1039;861;914;1018;1045;1087;1130;1149;1169;1095;1099;1010;970;885;764;665;604;611;514;444;434;434;368;383;364;299;264;187;231;197;261;195;177;199;139;139;91;86;72;52;65;187
31.12.2018;Deutsche;weiblich;Lebenspartnerschaft aufgehoben;-;-;-;-;-;-;-;-;-;-;-;-;-;-;-;-;-;-;-;-;1;4;8;22;36;59;85;119;154;193;253;239;320;301;302;319;348;352;356;366;382;317;328;298;280;234;241;247;283;250;294;231;245;229;222;195;160;133;112;119;94;65;58;50;51;36;20;26;28;18;23;8;8;14;9;17;7;2;2;4;1;3;1;1;1;4
31.12.2018;Deutsche;weiblich;Lebenspartner verstorben;-;-;-;-;-;-;-;-;-;-;-;-;-;-;-;-;-;-;-;-;-;4;-;3;2;-;-;1;3;2;-;4;2;4;1;3;6;5;8;6;7;8;10;11;5;10;15;18;26;17;25;26;29;42;34;28;36;35;36;34;33;29;37;27;33;37;26;31;45;22;27;25;24;28;34;37;31;26;32;27;25;10;16;13;15;113
31.12.2018;Ausländer;männlich;ledig;53629;54223;55930;53863;51311;47144;46757;46564;44754;43311;43295;40602;39469;38224;38217;38574;40072;43790;55972;83683;89848;101129;102355;106277;108377;108246;107032;105318;107710;101073;96667;87793;80200;73982;67034;60527;56403;51136;50379;43944;40567;37945;35367;33863;31596;28362;26956;24827;24098;21502;20220;17945;15532;14422;13041;11504;10285;9117;8779;7412;6423;5678;5010;4494;3626;3036;2621;2228;2236;1865;1708;1600;1229;1066;926;801;746;612;692;542;491;357;326;275;218;1055
31.12.2018;Ausländer;männlich;verheiratet;-;-;-;-;-;-;-;-;-;-;-;-;-;-;-;-;3;4;60;269;740;1681;3204;5326;7607;10309;13670;17217;21536;24823;28459;31113;32540;35799;37036;39375;42580;44382;47791;48031;49068;50143;50913;51988;52707;52038;52151;51411;50945;50590;48927;45381;45720;45083;43931;41156;37828;32979;32739;29676;28014;27194;27706;24544;21242;18634;19239;18564;22274;22431;23136;23245;21254;18325;17377;16106;15943;14055;14301;12447;10758;8775;7339;5743;5226;16000
31.12.2018;Ausländer;männlich;verwitwet;-;-;-;-;-;-;-;-;-;-;-;-;-;-;-;-;1;-;-;-;1;4;2;18;16;15;24;32;36;51;63;70;72;106;101;94;112;129;155;181;194;226;224;255;296;301;358;400;467;512;536;571;614;670;689;717;723;713;804;779;824;895;976;897;973;949;953;1029;1290;1355;1490;1600;1526;1494;1523;1614;1619;1732;1797;1533;1636;1467;1229;1027;1068;5096
31.12.2018;Ausländer;männlich;geschieden;-;-;-;-;-;-;-;-;-;-;-;-;-;-;-;-;1;1;4;8;16;44;92;135;263;430;580;856;1124;1636;2045;2398;2848;3303;3792;4213;4842;5721;6176;6727;7101;7803;8275;8621;9272;9318;9456;9896;10002;10124;10005;9324;9354;9256;8905;8160;7655;6926;6837;6004;5763;5202;5026;4459;3944;3454;3256;2844;2968;2768;2630;2380;1998;1573;1440;1261;1197;1048;1001;917;779;626;552;421;339;1277
31.12.2018;Ausländer;männlich;Lebenspartnerschaft;-;-;-;-;-;-;-;-;-;-;-;-;-;-;-;-;-;-;-;2;5;21;20;34;61;86;114;123;170;179;211;172;216;267;243;225;226;261;253;284;275;265;244;216;230;200;220;202;228;167;169;161;148;156;119;111;98;96;94;71;66;50;62;55;47;44;49;48;46;44;25;28;36;25;21;21;20;17;11;9;5;11;6;9;6;14
31.12.2018;Ausländer;männlich;Lebenspartnerschaft aufgehoben;-;-;-;-;-;-;-;-;-;-;-;-;-;-;-;-;-;-;-;1;1;3;8;3;15;13;13;30;36;44;48;51;58;53;58;81;94;88;83;97;91;86;86;81;72;73;53;42;52;41;47;33;35;31;28;16;21;18;15;3;9;7;4;2;2;6;1;4;3;3;2;1;2;5;2;-;1;-;-;-;-;1;-;-;-;-
31.12.2018;Ausländer;männlich;Lebenspartner verstorben;-;-;-;-;-;-;-;-;-;-;-;-;-;-;-;-;-;1;-;-;-;-;-;-;2;-;2;2;3;2;2;2;4;4;4;2;3;7;7;7;6;3;12;10;6;10;13;9;11;5;8;13;9;4;9;6;9;7;4;6;5;6;9;6;1;5;4;4;4;2;3;5;2;6;9;2;2;6;1;4;1;1;2;2;-;8
31.12.2018;Ausländer;weiblich;ledig;50395;51322;52831;49827;47662;43302;42849;42533;40668;39383;39390;36897;35215;34005;34019;33725;33146;33261;37829;52990;59784;65100;67846;69987;71908;72395;70010;68536;67496;63812;58346;52493;46980;42944;38668;35033;32216;28851;27849;24189;22323;20858;19308;18286;17211;15749;14497;13232;12552;11229;10727;9559;8269;7517;6699;6206;5584;4974;4955;4121;3700;3308;2988;2863;2544;2178;2114;1844;1878;1585;1378;1281;1120;948;793;706;691;645;592;518;520;482;372;368;282;1566
31.12.2018;Ausländer;weiblich;verheiratet;-;-;-;-;-;-;-;-;-;-;-;-;-;-;-;3;19;117;756;2254;4157;7161;10327;13407;16865;20278;24624;28991;33794;37789;41604;44317;46169;49087;50706;52668;55782;58029;60172;59781;59471;59137;59140;58784;59048;58393;56894;54718;53357;50612;47930;43438;43071;41782;39245;35674;33859;30253;30813;27030;25459;23843;24573;24650;24298;23083;23770;21216;23456;21402;19552;17961;15277;13099;11267;9667;8799;7176;6987;5719;4834;3986;3117;2354;1824;7216
31.12.2018;Ausländer;weiblich;verwitwet;-;-;-;-;-;-;-;-;-;-;-;-;-;-;1;-;-;-;1;4;11;13;24;26;42;60;70;79;115;163;162;198;210;265;303;363;409;470;519;660;689;851;882;1063;1205;1337;1432;1627;1813;1886;2125;2156;2205;2477;2701;2805;3075;3178;3530;3605;3600;3823;4429;5063;5218;5461;6118;5882;7530;7281;7233;7103;6754;6436;6429;5856;5914;5823;6534;5607;5247;4862;4239;3828;3349;18443
31.12.2018;Ausländer;weiblich;geschieden;-;-;-;-;-;-;-;-;-;-;-;-;-;-;-;1;1;6;10;25;50;143;246;422;616;913;1167;1605;1949;2344;2869;3301;3705;4265;5005;5586;6417;7260;7929;8545;8888;9608;10412;11050;11509;11635;11663;11737;11811;11498;11038;10129;9543;9256;8916;8217;7575;6792;6566;5869;5428;5001;4901;4698;4399;4069;4079;3612;3653;3247;3155;2760;2419;1927;1733;1536;1444;1255;1240;1170;1086;907;710;588;488;2551
31.12.2018;Ausländer;weiblich;Lebenspartnerschaft;-;-;-;-;-;-;-;-;-;-;-;-;-;-;-;-;-;1;-;1;1;3;6;8;17;24;21;40;40;63;71;63;76;63;82;96;79;75;92;88;96;69;90;68;77;85;70;72;69;55;71;54;56;63;54;45;38;27;40;30;27;20;24;25;18;16;21;15;20;14;8;13;10;12;12;6;6;5;7;3;3;1;5;3;1;8
31.12.2018;Ausländer;weiblich;Lebenspartnerschaft aufgehoben;-;-;-;-;-;-;-;-;-;-;-;-;-;1;-;1;1;1;1;-;3;2;2;4;4;7;14;13;19;17;19;29;16;30;23;24;36;32;39;26;31;35;23;21;23;19;21;21;26;15;16;12;13;13;16;18;10;6;8;1;6;3;2;6;4;3;2;4;2;1;3;-;1;-;-;-;-;-;1;-;-;1;-;-;-;1
31.12.2018;Ausländer;weiblich;Lebenspartner verstorben;-;-;-;-;-;-;-;-;-;-;-;-;-;-;-;-;-;-;-;-;-;1;1;-;1;2;-;1;-;2;-;2;2;1;1;2;-;1;1;-;-;-;1;1;2;2;-;-;1;2;1;3;2;2;1;2;2;3;4;-;3;2;3;1;1;1;-;1;2;1;1;1;2;3;-;1;-;-;-;-;1;-;-;-;2;1
31.12.2019;Deutsche;männlich;ledig;343429;351062;354783;355500;345478;342496;332972;332350;324094;334964;331044;340551;341539;335631;340669;348941;349472;356575;365726;380350;370590;375973;384788;374902;357304;353213;354850;345772;342371;356917;327579;315232;288122;263348;238562;223749;211785;204685;189282;177944;159017;149202;140753;128921;119441;115752;113530;121455;132910;133869;139808;143006;140620;137321;130090;125233;115658;104647;96487;86676;78082;68939;62028;55527;49397;44382;39653;36075;32541;29933;26036;21805;18300;15230;12425;15635;15222;14059;16132;15364;13592;11104;9079;7637;6058;18536
31.12.2019;Deutsche;männlich;verheiratet;-;-;-;-;-;-;-;-;-;-;-;-;-;-;-;-;-;1;47;247;729;1746;3508;6350;10711;18090;28507;42588;61246;87950;109058;133856;151336;166589;173786;186699;198455;211946;219670;226565;222840;224700;227316;227518;224027;229591;235684;261306;295004;309653;341480;362054;379502;395305;402331;414031;417930;409528;409327;398848;394437;375419;368944;359050;349959;343553;332899;331900;324662;319430;307509;275940;253219;214102;181478;246090;244376;228220;268813;268037;250728;218148;187650;164125;140992;452603
31.12.2019;Deutsche;männlich;verwitwet;-;-;-;-;-;-;-;-;-;-;-;-;-;-;-;-;-;-;1;1;2;3;3;6;14;14;19;34;37;60;83;88;146;177;235;276;320;385;426;516;562;698;723;873;940;1104;1254;1607;2143;2571;3128;3809;4517;5345;5982;6995;7848;8744;9758;10617;11598;12043;13260;14192;15180;16522;17289;19021;20240;22380;23190;22556;22866;21376;20433;29855;32887;34211;44423;50180;51149;49552;47938;47384;46163;272009
31.12.2019;Deutsche;männlich;geschieden;-;-;-;-;-;-;-;-;-;-;-;-;-;-;-;-;-;-;-;3;9;24;60;148;316;576;1004;1720;2590;4110;5535;7612;9189;11189;13217;15280;18003;21018;23356;25943;27419;29884;32171;33679;35155;37982;40435;48324;56645;61884;70680;78143;84080;89556;92288;96900;97274;94074;92823;87111;83232;76133;72143;66788;61465;57668;53402;50227;46976;43871;40127;35101;30899;25370;20752;25898;24738;21990;24064;21656;19348;15542;12297;10215;8265;23438
31.12.2019;Deutsche;männlich;Lebenspartnerschaft;-;-;-;-;-;-;-;-;-;-;-;-;-;-;-;-;-;-;-;-;-;-;-;-;-;-;-;-;-;-;-;-;-;-;-;-;-;-;-;-;-;-;-;-;-;-;-;-;-;-;-;-;-;-;-;-;-;-;-;-;-;-;-;-;-;-;-;-;-;-;-;-;-;-;-;-;-;-;-;-;-;-;-;-;-;-
31.12.2019;Deutsche;männlich;Lebenspartnerschaft aufgehoben;-;-;-;-;-;-;-;-;-;-;-;-;-;-;-;-;-;-;-;-;-;-;-;-;-;-;-;-;-;-;-;-;-;-;-;-;-;-;-;-;-;-;-;-;-;-;-;-;-;-;-;-;-;-;-;-;-;-;-;-;-;-;-;-;-;-;-;-;-;-;-;-;-;-;-;-;-;-;-;-;-;-;-;-;-;-
31.12.2019;Deutsche;männlich;Lebenspartner verstorben;-;-;-;-;-;-;-;-;-;-;-;-;-;-;-;-;-;-;-;-;-;-;-;-;-;-;-;-;-;-;-;-;-;-;-;-;-;-;-;-;-;-;-;-;-;-;-;-;-;-;-;-;-;-;-;-;-;-;-;-;-;-;-;-;-;-;-;-;-;-;-;-;-;-;-;-;-;-;-;-;-;-;-;-;-;-
31.12.2019;Deutsche;weiblich;ledig;326048;334082;337421;339200;328283;325503;316345;315241;308289;318974;314114;324089;323582;317561;323830;331623;331793;338190;346032;360765;349098;354016;359949;345351;324327;313416;307677;292586;281316;284729;256781;239689;216297;197811;176728;164280;154835;147398;137663;129207;114584;107602;101388;93431;84780;81963;79607;83688;90942;89827;92431;92352;90462;87565;81349;78121;72296;64898;60253;53972;49159;43861;40669;37114;33542;31318;28119;26095;23840;21753;19312;16425;14303;11646;10575;13274;13777;13494;15954;16685;16425;15194;14306;13464;12798;82490
31.12.2019;Deutsche;weiblich;verheiratet;-;-;-;-;-;-;-;-;-;-;-;-;-;-;-;-;1;1;338;1483;3409;6422;11437;18336;27417;41271;58709;80443;105113;139431;160409;186801;200287;212923;216969;226320;235277;248750;253809;259690;250886;249578;248663;246677;241264;246963;251359;278153;311471;326652;356723;377668;394007;407904;411822;424262;426951;416100;415739;400502;392237;370655;361419;348878;335774;327885;315562;308597;298734;289424;274195;241453;221634;186213;158261;210666;205423;188520;219458;211485;192314;158295;129846;107842;86742;233160
31.12.2019;Deutsche;weiblich;verwitwet;-;-;-;-;-;-;-;-;-;-;-;-;-;-;-;-;2;-;-;-;3;6;16;18;33;57;71;104;173;222;361;410;531;653;779;967;1152;1357;1758;1920;2215;2579;2953;3348;3719;4263;4921;6159;7711;9108;11150;13278;15634;18388;21577;25031;28862;31874;36513;40731;44633;47531;51895;56038;60555;65662;69659;76462;82237;89134;93833;92358;94262;87630;82842;118507;127794;132505;174747;199065;207041;203000;195763;195233;191012;1164161
31.12.2019;Deutsche;weiblich;geschieden;-;-;-;-;-;-;-;-;-;-;-;-;-;-;-;-;-;-;2;11;38;167;370;705;1221;1889;2962;4431;6133;8902;11146;14241;16796;19408;21757;24594;28314;32260;35431;38961;40414;42984;45552;47834;48516;52680;55804;63738;74277;80738;90480;99398;105720;110329;111664;114825;112568;108999;105272;99122;93916;85024;81172;76486;72138;69818;65856;63969;61269;58845;53875;47503;42960;36687;31660;40599;40075;36493;41831;40747;36754;31252;26675;22726;19334;81248
31.12.2019;Deutsche;weiblich;Lebenspartnerschaft;-;-;-;-;-;-;-;-;-;-;-;-;-;-;-;-;-;-;-;-;-;-;-;-;-;-;-;-;-;-;-;-;-;-;-;-;-;-;-;-;-;-;-;-;-;-;-;-;-;-;-;-;-;-;-;-;-;-;-;-;-;-;-;-;-;-;-;-;-;-;-;-;-;-;-;-;-;-;-;-;-;-;-;-;-;-
31.12.2019;Deutsche;weiblich;Lebenspartnerschaft aufgehoben;-;-;-;-;-;-;-;-;-;-;-;-;-;-;-;-;-;-;-;-;-;-;-;-;-;-;-;-;-;-;-;-;-;-;-;-;-;-;-;-;-;-;-;-;-;-;-;-;-;-;-;-;-;-;-;-;-;-;-;-;-;-;-;-;-;-;-;-;-;-;-;-;-;-;-;-;-;-;-;-;-;-;-;-;-;-
31.12.2019;Deutsche;weiblich;Lebenspartner verstorben;-;-;-;-;-;-;-;-;-;-;-;-;-;-;-;-;-;-;-;-;-;-;-;-;-;-;-;-;-;-;-;-;-;-;-;-;-;-;-;-;-;-;-;-;-;-;-;-;-;-;-;-;-;-;-;-;-;-;-;-;-;-;-;-;-;-;-;-;-;-;-;-;-;-;-;-;-;-;-;-;-;-;-;-;-;-
31.12.2019;Ausländer;männlich;ledig;54131;56148;56792;58088;56298;53672;49310;49185;48779;47021;45625;45509;42773;41490;40320;40419;40985;42328;48826;64677;90783;95553;106493;108083;111593;112161;111220;109134;106672;107955;101330;96447;87836;80532;74272;67730;61034;57118;51907;51108;44765;41709;38842;36649;35173;32741;29526;27967;25826;24907;22407;20983;18647;16080;14918;13449;11902;10590;9331;9029;7520;6607;5715;4985;4461;3546;2947;2609;2206;2222;1819;1641;1536;1186;1021;887;762;691;590;642;482;448;345;288;240;1115
31.12.2019;Ausländer;männlich;verheiratet;-;-;-;-;-;-;-;-;-;-;-;-;-;-;-;1;1;4;38;187;598;1316;2676;4553;7118;9806;12658;16127;19734;23942;27063;30356;32570;33324;36341;37302;39203;42372;43943;47050;47314;48270;49323;50144;50908;51673;50954;51097;50229;49788;49331;47614;44192;44691;43992;42865;40160;36793;31862;31682;28633;26881;26175;26733;23596;20169;17618;18262;17807;21286;21513;22117;22251;20342;17511;16572;15259;15075;13266;13406;11678;9943;8099;6778;5218;18851
31.12.2019;Ausländer;männlich;verwitwet;-;-;-;-;-;-;-;-;-;-;-;-;-;-;-;-;-;2;1;1;1;1;5;1;19;20;15;32;39;45;59;77;88;88;124;119;105;136;153;184;209;218;240;263;293;321;345;411;437;509;570;603;628;695;715;759;784;801;779;846;811;891;926;1012;942;1001;973;1013;1089;1360;1432;1568;1682;1587;1581;1586;1678;1640;1753;1832;1537;1657;1427;1179;991;5587
31.12.2019;Ausländer;männlich;geschieden;-;-;-;-;-;-;-;-;-;-;-;-;-;-;-;-;-;2;1;9;13;33;96;142;234;451;663;864;1204;1572;2156;2571;2878;3392;3822;4297;4715;5409;6203;6730;7244;7586;8215;8668;9062;9585;9700;9772;10178;10271;10341;10188;9437;9365;9329;8913;8096;7588;6898;6754;5909;5586;5066;4884;4304;3799;3324;3115;2698;2859;2615;2502;2293;1885;1484;1342;1188;1119;970;922;842;716;581;496;379;1445
31.12.2019;Ausländer;männlich;Lebenspartnerschaft;-;-;-;-;-;-;-;-;-;-;-;-;-;-;-;-;-;-;-;-;-;-;-;-;-;-;-;-;-;-;-;-;-;-;-;-;-;-;-;-;-;-;-;-;-;-;-;-;-;-;-;-;-;-;-;-;-;-;-;-;-;-;-;-;-;-;-;-;-;-;-;-;-;-;-;-;-;-;-;-;-;-;-;-;-;-
31.12.2019;Ausländer;männlich;Lebenspartnerschaft aufgehoben;-;-;-;-;-;-;-;-;-;-;-;-;-;-;-;-;-;-;-;-;-;-;-;-;-;-;-;-;-;-;-;-;-;-;-;-;-;-;-;-;-;-;-;-;-;-;-;-;-;-;-;-;-;-;-;-;-;-;-;-;-;-;-;-;-;-;-;-;-;-;-;-;-;-;-;-;-;-;-;-;-;-;-;-;-;-
31.12.2019;Ausländer;männlich;Lebenspartner verstorben;-;-;-;-;-;-;-;-;-;-;-;-;-;-;-;-;-;-;-;-;-;-;-;-;-;-;-;-;-;-;-;-;-;-;-;-;-;-;-;-;-;-;-;-;-;-;-;-;-;-;-;-;-;-;-;-;-;-;-;-;-;-;-;-;-;-;-;-;-;-;-;-;-;-;-;-;-;-;-;-;-;-;-;-;-;-
31.12.2019;Ausländer;weiblich;ledig;51262;52840;53419;55028;52084;49808;45327;45193;44645;42802;41593;41514;38776;37016;35686;35838;35601;34767;36933;44548;59870;64503;68506;72445;74078;74948;74757;71984;69552;68474;64299;58953;52849;47514;43661;39297;35768;33104;29576;28750;25138;23156;21700;20223;19197;18085;16513;15357;13946;13321;11804;11207;10041;8687;7906;7092;6460;5840;5228;5118;4172;3829;3403;3095;2916;2586;2230;2170;1845;1875;1564;1382;1268;1137;939;796;701;657;639;571;502;501;447;357;343;1661
31.12.2019;Ausländer;weiblich;verheiratet;-;-;-;-;-;-;-;-;-;-;-;-;-;-;-;-;25;63;555;1780;3658;6006;9466;13095;16364;20189;23692;28009;32009;36515;40357;43643;45995;47276;49828;51362;53272;55783;58042;60193;59451;59161;58809;58824;58285;58596;57820;56201;54202;52679;50041;47272;42873;42446;41146;38594;35084;33164;29568;30067;26249;24618;23051;23770;23713;23387;22054;22827;20341;22434;20446;18679;17059;14496;12464;10613;9065;8210;6637;6409;5167;4388;3611;2807;2070;8086
31.12.2019;Ausländer;weiblich;verwitwet;-;-;-;-;-;-;-;-;-;-;-;-;-;-;-;1;-;-;-;5;8;13;23;32;40;55;79;93;98;135;194;189;217;234;286;327;420;462;498;573;715;750;918;972;1119;1281;1433;1542;1739;1892;2020;2248;2274;2358;2600;2876;2957;3253;3313;3723;3794;3790;3977;4627;5311;5444;5668;6333;6111;7722;7495;7385;7305;6974;6545;6544;5962;6011;5917;6642;5668;5240;4792;4130;3726;19712
31.12.2019;Ausländer;weiblich;geschieden;-;-;-;-;-;-;-;-;-;-;-;-;-;-;1;-;2;5;14;19;60;120;250;424;634;876;1259;1594;2027;2509;2817;3417;3873;4242;4834;5487;6104;6985;7762;8381;9045;9351;10057;10861;11393;11882;11944;12020;11930;12011;11551;11137;10136;9573;9243;8886;8112;7495;6701;6493;5727;5318;4915;4778;4569;4306;3933;3920;3522;3559;3139;3047;2670;2328;1866;1664;1468;1390;1209;1186;1119;1031;852;676;548;2752
31.12.2019;Ausländer;weiblich;Lebenspartnerschaft;-;-;-;-;-;-;-;-;-;-;-;-;-;-;-;-;-;-;-;-;-;-;-;-;-;-;-;-;-;-;-;-;-;-;-;-;-;-;-;-;-;-;-;-;-;-;-;-;-;-;-;-;-;-;-;-;-;-;-;-;-;-;-;-;-;-;-;-;-;-;-;-;-;-;-;-;-;-;-;-;-;-;-;-;-;-
31.12.2019;Ausländer;weiblich;Lebenspartnerschaft aufgehoben;-;-;-;-;-;-;-;-;-;-;-;-;-;-;-;-;-;-;-;-;-;-;-;-;-;-;-;-;-;-;-;-;-;-;-;-;-;-;-;-;-;-;-;-;-;-;-;-;-;-;-;-;-;-;-;-;-;-;-;-;-;-;-;-;-;-;-;-;-;-;-;-;-;-;-;-;-;-;-;-;-;-;-;-;-;-
31.12.2019;Ausländer;weiblich;Lebenspartner verstorben;-;-;-;-;-;-;-;-;-;-;-;-;-;-;-;-;-;-;-;-;-;-;-;-;-;-;-;-;-;-;-;-;-;-;-;-;-;-;-;-;-;-;-;-;-;-;-;-;-;-;-;-;-;-;-;-;-;-;-;-;-;-;-;-;-;-;-;-;-;-;-;-;-;-;-;-;-;-;-;-;-;-;-;-;-;-
31.12.2020;Deutsche;männlich;ledig;342079;345887;351771;355313;355981;345873;342741;333294;332819;324815;335533;331655;341113;342093;336168;341227;349568;350129;357271;366089;380208;370216;374685;382355;370882;351331;344863;343522;331189;325337;336294;307959;295939;271127;248348;225862;212276;201740;196005;181793;170965;153636;144507;136696;125519;116471;113120;110916;118744;129918;130686;136880;139974;137448;134204;127042;122283;112881;101994;93989;84194;75888;66892;60094;53746;47591;42682;38074;34580;31126;28476;24788;20677;17292;14373;11614;14586;14112;12987;14757;14067;12234;9864;8001;6712;20194
31.12.2020;Deutsche;männlich;verheiratet;-;-;-;-;-;-;-;-;-;-;-;-;-;-;-;-;-;-;43;229;713;1581;3334;6055;10357;16436;26109;39378;56671;77727;107709;127736;152193;167366;180414;185285;196866;206935;219233;225247;231565;226317;227202;229093;228817;224949;230058;236063;261426;295080;309951;340899;361540;378902;394495;401572;412859;416373;407929;407333;397237;391637;372140;365235;354929;345286;338295;327028;325344;317404;311879;299493;268128;245133;206576;174292;235496;232997;216391;253336;250546;232285;200408;170504;146664;490690
31.12.2020;Deutsche;männlich;verwitwet;-;-;-;-;-;-;-;-;-;-;-;-;-;-;-;-;-;-;-;1;1;2;4;3;10;21;21;28;42;52;74;111;124;188;211;282;342;367;457;501;587;652;812;832;993;1061;1251;1453;1810;2391;2877;3459;4240;4988;5902;6541;7696;8593;9512;10617;11492;12614;12981;14262;15233;16335;17710;18497;20421;21514;23760;24567;23848;24198;22355;21480;31145;34238;35641;46083;51559;52340;50433;48077;47409;283202
31.12.2020;Deutsche;männlich;geschieden;-;-;-;-;-;-;-;-;-;-;-;-;-;-;-;-;-;-;-;1;6;27;63;132;286;522;864;1473;2409;3462;5321;7006;9253;11129;13063;15123;17109;20078;23056;25470;28124;29444;32050;34313;35666;37050;39852;42060;50118;58323;63328;72280;79416;85080;90147;92268;96641;96803;93102;91545;85194;81583;74574;70404;64884;59626;55991;51774;48572;45354;42265;38564;33586;29536;24174;19722;24431;23171;20617;22404;20023;17787;14194;11170;9143;26813
31.12.2020;Deutsche;männlich;Lebenspartnerschaft;-;-;-;-;-;-;-;-;-;-;-;-;-;-;-;-;-;-;-;-;-;-;-;-;-;-;-;-;-;-;-;-;-;-;-;-;-;-;-;-;-;-;-;-;-;-;-;-;-;-;-;-;-;-;-;-;-;-;-;-;-;-;-;-;-;-;-;-;-;-;-;-;-;-;-;-;-;-;-;-;-;-;-;-;-;-
31.12.2020;Deutsche;männlich;Lebenspartnerschaft aufgehoben;-;-;-;-;-;-;-;-;-;-;-;-;-;-;-;-;-;-;-;-;-;-;-;-;-;-;-;-;-;-;-;-;-;-;-;-;-;-;-;-;-;-;-;-;-;-;-;-;-;-;-;-;-;-;-;-;-;-;-;-;-;-;-;-;-;-;-;-;-;-;-;-;-;-;-;-;-;-;-;-;-;-;-;-;-;-
31.12.2020;Deutsche;männlich;Lebenspartner verstorben;-;-;-;-;-;-;-;-;-;-;-;-;-;-;-;-;-;-;-;-;-;-;-;-;-;-;-;-;-;-;-;-;-;-;-;-;-;-;-;-;-;-;-;-;-;-;-;-;-;-;-;-;-;-;-;-;-;-;-;-;-;-;-;-;-;-;-;-;-;-;-;-;-;-;-;-;-;-;-;-;-;-;-;-;-;-
31.12.2020;Deutsche;weiblich;ledig;323743;328500;334640;337831;339685;328583;325735;316590;315773;308931;319538;314643;324618;324079;318082;324359;332186;332539;338789;346101;359855;347387;350720;353977;337274;312820;299439;290551;273543;261268;262900;237696;222923;202344;186033;167152;156196;148037;141478;132636;124604;111408;104819;98997;91369;83001;80324;78072;82084;89094;87687;90697;90680;88752;85916;79853;76658;71001;63713;59185;52926;48295;43096;39941;36453;32946;30722;27545;25617;23310;21282;18841;15988;13895;11285;10223;12807;13247;12970;15215;15877;15541;14320;13381;12445;79652
31.12.2020;Deutsche;weiblich;verheiratet;-;-;-;-;-;-;-;-;-;-;-;-;-;-;2;-;-;3;276;1213;3125;5828;10255;17547;26555;38393;54795;75048;98619;124250;160164;178367;202344;212996;223603;225442;233036;240411;252952;257192;262399;252190;250474;248866;246660;241202;246729;250918;277615;310814;326749;355662;376393;392681;406495;410192;422301;424269;412987;411873;396654;387530;365495;355562;342494;329219;320499;307814;300358;289912;280097;264345;231887;211820;177307;149833;198446;192675;175680;202839;193405;173966;141588;114009;92968;256825
31.12.2020;Deutsche;weiblich;verwitwet;-;-;-;-;-;-;-;-;-;-;-;-;-;-;-;-;-;2;-;-;1;3;8;25;25;44;77;98;146;215;267;443;488;636;776;895;1150;1357;1576;2015;2207;2530;2921;3330;3780;4168;4761;5505;6902;8562;10091;12320;14646;17191;20154;23533;27246;31361;34711;39695;44069;48190;51340;55840;60255;64949;70272;74671;81526;87423;94481;99299;97672;99382;92051;86828;124048;133084;137483;180394;203991;210767;204603;195428;192593;1196467
31.12.2020;Deutsche;weiblich;geschieden;-;-;-;-;-;-;-;-;-;-;-;-;-;-;-;-;-;-;-;4;50;134;332;682;1111;1821;2666;4064;5717;7664;10915;13194;16546;19110;21682;24057;27010;30851;34821;37895;41475;43006;45331;48108;50121;50583;54556;57572;65349;75862;81542;91633;100328;106219;110354;111365;114368;111940;108262;104350;97987;92983;84176;80396;75659;71253;69011;65008;63130;60272;57840;52876;46508;41978;35833;30783;39436;38833;35220;40259;39002;35071;29562;25062;21204;87260
31.12.2020;Deutsche;weiblich;Lebenspartnerschaft;-;-;-;-;-;-;-;-;-;-;-;-;-;-;-;-;-;-;-;-;-;-;-;-;-;-;-;-;-;-;-;-;-;-;-;-;-;-;-;-;-;-;-;-;-;-;-;-;-;-;-;-;-;-;-;-;-;-;-;-;-;-;-;-;-;-;-;-;-;-;-;-;-;-;-;-;-;-;-;-;-;-;-;-;-;-
31.12.2020;Deutsche;weiblich;Lebenspartnerschaft aufgehoben;-;-;-;-;-;-;-;-;-;-;-;-;-;-;-;-;-;-;-;-;-;-;-;-;-;-;-;-;-;-;-;-;-;-;-;-;-;-;-;-;-;-;-;-;-;-;-;-;-;-;-;-;-;-;-;-;-;-;-;-;-;-;-;-;-;-;-;-;-;-;-;-;-;-;-;-;-;-;-;-;-;-;-;-;-;-
31.12.2020;Deutsche;weiblich;Lebenspartner verstorben;-;-;-;-;-;-;-;-;-;-;-;-;-;-;-;-;-;-;-;-;-;-;-;-;-;-;-;-;-;-;-;-;-;-;-;-;-;-;-;-;-;-;-;-;-;-;-;-;-;-;-;-;-;-;-;-;-;-;-;-;-;-;-;-;-;-;-;-;-;-;-;-;-;-;-;-;-;-;-;-;-;-;-;-;-;-
31.12.2020;Ausländer;männlich;ledig;53254;56209;57765;58266;59559;57821;55017;50797;50755;50239;48542;47199;46966;44066;42775;41796;41989;42315;45478;55169;69805;93303;97218;109087;110294;113305;112984;111693;109059;105927;107179;100396;95565;87529;80144;74260;67734;61216;57406;52365;51481;45371;42338;39506;37346;35851;33390;30117;28539;26306;25419;23053;21486;19063;16396;15101;13687;12028;10683;9431;8946;7435;6463;5652;4895;4391;3458;2899;2495;2149;2141;1765;1591;1484;1137;967;859;721;646;545;596;443;426;324;270;1210
31.12.2020;Ausländer;männlich;verheiratet;-;-;-;-;-;-;-;-;-;-;-;-;-;-;-;-;2;4;24;146;424;1093;1987;3676;5913;8686;11444;14419;17677;21342;25171;28017;30721;32521;32989;35809;36649;38279;41141;42794;45884;46151;47217;47912;48632;49592;50301;49593;49788;48812;48456;48137;46327;42924;43564;42858;41865;39050;35832;30954;30701;27707;26025;25262;25755;22577;19142;16817;17528;17114;20416;20693;21175;21273;19454;16691;15741;14388;14222;12480;12457;10854;9139;7428;6162;21248
31.12.2020;Ausländer;männlich;verwitwet;-;-;-;-;-;-;-;-;-;-;-;-;-;-;-;-;-;-;2;1;1;2;3;6;4;20;21;20;40;44;48;60;82;93;95;133;130;119;151;166;208;230;233;268;288;336;355;373;452;494;558;623;653;687;748;784;833;855;872;833;896;860;957;977;1100;1001;1053;1040;1073;1139;1440;1497;1656;1762;1660;1642;1649;1727;1692;1780;1831;1522;1640;1393;1120;5893
31.12.2020;Ausländer;männlich;geschieden;-;-;-;-;-;-;-;-;-;-;-;-;-;-;-;-;-;-;2;1;15;18;52;174;226;371;651;905;1199;1542;1959;2581;3027;3319;3877;4298;4662;5102;5828;6604;7139;7621;7935;8568;9090;9422;9852;10006;10128;10457;10489;10479;10355;9527;9491;9422;8929;8124;7553;6857;6689;5812;5501;4954;4761;4215;3639;3211;3042;2601;2749;2527;2407;2213;1806;1409;1261;1145;1056;909;867;775;663;526;462;1627
31.12.2020;Ausländer;männlich;Lebenspartnerschaft;-;-;-;-;-;-;-;-;-;-;-;-;-;-;-;-;-;-;-;-;-;-;-;-;-;-;-;-;-;-;-;-;-;-;-;-;-;-;-;-;-;-;-;-;-;-;-;-;-;-;-;-;-;-;-;-;-;-;-;-;-;-;-;-;-;-;-;-;-;-;-;-;-;-;-;-;-;-;-;-;-;-;-;-;-;-
31.12.2020;Ausländer;männlich;Lebenspartnerschaft aufgehoben;-;-;-;-;-;-;-;-;-;-;-;-;-;-;-;-;-;-;-;-;-;-;-;-;-;-;-;-;-;-;-;-;-;-;-;-;-;-;-;-;-;-;-;-;-;-;-;-;-;-;-;-;-;-;-;-;-;-;-;-;-;-;-;-;-;-;-;-;-;-;-;-;-;-;-;-;-;-;-;-;-;-;-;-;-;-
31.12.2020;Ausländer;männlich;Lebenspartner verstorben;-;-;-;-;-;-;-;-;-;-;-;-;-;-;-;-;-;-;-;-;-;-;-;-;-;-;-;-;-;-;-;-;-;-;-;-;-;-;-;-;-;-;-;-;-;-;-;-;-;-;-;-;-;-;-;-;-;-;-;-;-;-;-;-;-;-;-;-;-;-;-;-;-;-;-;-;-;-;-;-;-;-;-;-;-;-
31.12.2020;Ausländer;weiblich;ledig;50304;52997;54190;54788;56376;53477;51094;46766;46536;45912;44144;42920;42873;39942;38143;36834;36824;36295;36781;41317;48836;60673;64471;69858;73601;75433;75806;75436;72218;69708;68373;64319;58973;52904;47658;44060;39526;36144;33458;30126;29408;25748;23770;22346;20957;19843;18814;17125;16015;14499;13827;12343;11753;10473;9013;8234;7328;6664;6056;5368;5293;4321;3915;3483;3222;2987;2631;2239;2203;1865;1912;1612;1391;1284;1129;926;785;693;645;628;553;478;477;414;341;1820
31.12.2020;Ausländer;weiblich;verheiratet;-;-;-;-;-;-;-;-;-;-;-;-;-;-;-;1;8;59;367;1299;2859;5032;7640;11513;15419;18896;22639;26151;30127;33941;38127;41488;44570;46481;47463;49835;51274;52983;55345;57490;59658;58635;58387;57998;58173;57615;57819;57126;55417;53510;52060;49334;46598;42269;41818;40485;37916;34488;32469;28933;29347;25522;23872;22314;23006;22823;22431;21167;21959;19502;21440;19485;17787;16237;13742;11737;9975;8501;7649;6078;5863;4675;3986;3240;2481;8886
31.12.2020;Ausländer;weiblich;verwitwet;-;-;-;-;-;-;-;-;-;-;-;-;-;-;-;-;1;-;-;1;5;9;17;25;43;46;62;97;112;121;149;217;224;246;265;337;366;473;513;559;640;783;817;1010;1061;1216;1385;1562;1646;1893;2008;2157;2454;2464;2506;2800;3056;3132;3462;3521;3903;4001;4020;4229;4988;5657;5693;5915;6624;6407;8109;7847;7741;7586;7209;6783;6706;6101;6096;6011;6682;5647;5172;4699;4051;21160
31.12.2020;Ausländer;weiblich;geschieden;-;-;-;-;-;-;-;-;-;-;-;-;-;-;-;1;-;2;6;19;39;122;194;396;624;875;1176;1581;2001;2469;2978;3345;3887;4365;4691;5267;5895;6583;7398;8212;8844;9465;9783;10489;11113;11688;12226;12238;12182;12090;12117;11662;11208;10218;9621;9307;8906;8045;7506;6655;6407;5643;5220;4837;4692;4453;4223;3856;3816;3408;3483;3048;2966;2615;2266;1822;1626;1425;1350;1158;1140;1067;983;808;644;2985
31.12.2020;Ausländer;weiblich;Lebenspartnerschaft;-;-;-;-;-;-;-;-;-;-;-;-;-;-;-;-;-;-;-;-;-;-;-;-;-;-;-;-;-;-;-;-;-;-;-;-;-;-;-;-;-;-;-;-;-;-;-;-;-;-;-;-;-;-;-;-;-;-;-;-;-;-;-;-;-;-;-;-;-;-;-;-;-;-;-;-;-;-;-;-;-;-;-;-;-;-
31.12.2020;Ausländer;weiblich;Lebenspartnerschaft aufgehoben;-;-;-;-;-;-;-;-;-;-;-;-;-;-;-;-;-;-;-;-;-;-;-;-;-;-;-;-;-;-;-;-;-;-;-;-;-;-;-;-;-;-;-;-;-;-;-;-;-;-;-;-;-;-;-;-;-;-;-;-;-;-;-;-;-;-;-;-;-;-;-;-;-;-;-;-;-;-;-;-;-;-;-;-;-;-
31.12.2020;Ausländer;weiblich;Lebenspartner verstorben;-;-;-;-;-;-;-;-;-;-;-;-;-;-;-;-;-;-;-;-;-;-;-;-;-;-;-;-;-;-;-;-;-;-;-;-;-;-;-;-;-;-;-;-;-;-;-;-;-;-;-;-;-;-;-;-;-;-;-;-;-;-;-;-;-;-;-;-;-;-;-;-;-;-;-;-;-;-;-;-;-;-;-;-;-;-
31.12.2021;Deutsche;männlich;ledig;352296;345252;346603;352235;355687;356272;345759;342953;333695;333315;325214;335959;332114;341460;342546;336707;341730;350238;350953;357762;365828;379120;368894;372194;378389;364830;343426;334298;330030;315147;306933;316742;289868;278716;256214;235088;214805;202830;193668;188744;175322;165602;149234;140682;133111;122612;113821;110662;108612;116365;126968;128018;134011;136977;134532;131275;124123;119284;110068;99393;91423;81709;73604;64777;58082;51787;45787;40936;36476;33074;29652;27060;23488;19521;16228;13365;10793;13452;12960;11922;13386;12635;10914;8660;6965;22288
31.12.2021;Deutsche;männlich;verheiratet;-;-;-;-;-;-;-;-;-;-;-;-;-;-;-;-;-;1;49;199;720;1673;3124;5840;9995;16159;24152;36304;52420;72400;95573;126532;145185;168704;181436;192543;195020;204926;213409;224575;229722;234650;228500;228708;230261;229208;225005;229852;235531;260771;294709;309036;339833;360431;377681;393077;399882;410974;414208;405496;404770;394050;387856;368048;360489;349706;339487;331888;320226;317961;309304;303286;290440;259184;236367;198298;166730;223999;220597;203580;236636;231516;212963;181383;152317;526468
31.12.2021;Deutsche;männlich;verwitwet;-;-;-;-;-;-;-;-;-;-;-;-;-;-;-;-;-;-;2;-;1;2;2;6;2;11;29;26;34;56;67;92;141;175;230;265;330;405;442;519;600;686;780;921;968;1131;1198;1403;1670;2051;2674;3230;3878;4725;5543;6524;7215;8532;9453;10432;11600;12478;13771;14125;15438;16455;17654;19017;19827;21777;22917;25193;26175;25265;25512;23411;22318;32517;35642;36945;47530;52853;53387;50923;48253;295140
31.12.2021;Deutsche;männlich;geschieden;-;-;-;-;-;-;-;-;-;-;-;-;-;-;-;-;-;-;-;1;5;29;65;128;253;471;804;1317;2131;3281;4509;6779;8669;11098;13026;15129;17130;19208;22346;25267;27761;30451;31669;34205;36493;37884;39082;41880;43954;51937;60018;64888;73604;80565;85861;90452;92310;96234;95966;92009;89853;83656;79857;72788;68555;63014;57829;54254;50000;46741;43589;40412;36839;32062;28074;22850;18613;22930;21643;19166;20692;18348;16177;12847;9931;30469
31.12.2021;Deutsche;männlich;Lebenspartnerschaft;-;-;-;-;-;-;-;-;-;-;-;-;-;-;-;-;-;-;-;-;-;-;-;-;-;-;-;-;-;-;-;-;-;-;-;-;-;-;-;-;-;-;-;-;-;-;-;-;-;-;-;-;-;-;-;-;-;-;-;-;-;-;-;-;-;-;-;-;-;-;-;-;-;-;-;-;-;-;-;-;-;-;-;-;-;-
31.12.2021;Deutsche;männlich;Lebenspartnerschaft aufgehoben;-;-;-;-;-;-;-;-;-;-;-;-;-;-;-;-;-;-;-;-;-;-;-;-;-;-;-;-;-;-;-;-;-;-;-;-;-;-;-;-;-;-;-;-;-;-;-;-;-;-;-;-;-;-;-;-;-;-;-;-;-;-;-;-;-;-;-;-;-;-;-;-;-;-;-;-;-;-;-;-;-;-;-;-;-;-
31.12.2021;Deutsche;männlich;Lebenspartner verstorben;-;-;-;-;-;-;-;-;-;-;-;-;-;-;-;-;-;-;-;-;-;-;-;-;-;-;-;-;-;-;-;-;-;-;-;-;-;-;-;-;-;-;-;-;-;-;-;-;-;-;-;-;-;-;-;-;-;-;-;-;-;-;-;-;-;-;-;-;-;-;-;-;-;-;-;-;-;-;-;-;-;-;-;-;-;-
31.12.2021;Deutsche;weiblich;ledig;334460;326669;329189;335126;338209;339921;328583;325888;317021;316291;309450;319933;315018;325037;324454;318506;324842;332901;333264;338796;344980;357394;344222;345054;345723;325662;299283;283239;272282;254079;241468;243392;221406;208474;190453;176183;159031;149633;142405;136466;128365;121223;108677;102632;97001;89584;81484;78887;76694;80631;87217;86071;89108;89036;87227;84386;78425;75322;69732;62563;58041;51997;47446;42350;39207;35757;32275;30121;26982;25039;22737;20730;18355;15518;13479;10878;9824;12331;12686;12330;14467;14980;14558;13356;12368;77180
31.12.2021;Deutsche;weiblich;verheiratet;-;-;-;-;-;-;-;-;-;-;-;-;-;-;-;2;-;-;275;1113;2816;5877;9514;15980;25706;37396;51170;69987;92240;117076;143022;178363;193285;215185;223404;232015;232088;237861;244066;255939;259082;263355;252529;250372;248507;246066;240330;245800;249927;276503;309906;325427;354192;374736;390666;404265;407527;419142;420694;408992;407587;391373;381823;359243;348886;335215;321615;312307;299119;290987;280084;269632;253527;221536;201379;167507;140914;185502;179055;161954;185316;174600;154946;124304;98461;280945
31.12.2021;Deutsche;weiblich;verwitwet;-;-;-;-;-;-;-;-;-;-;-;-;-;-;-;-;-;-;4;-;2;2;9;21;34;42;67;98;135;182;272;342;547;600;745;920;1051;1327;1555;1864;2296;2536;2891;3321;3763;4250;4720;5372;6171;7713;9605;11195;13647;16214;19076;22224;25976;29974;34348;38016;43360;47974;52347;55563;60333;64980;69777;75258;79847;87106;93067;100279;105152;103008;104732;96654;90856;129254;138223;142040;185019;207735;213037;204693;193197;1228672
31.12.2021;Deutsche;weiblich;geschieden;-;-;-;-;-;-;-;-;-;-;-;-;-;-;-;-;-;-;-;1;37;133;292;614;1077;1701;2611;3718;5298;7192;9391;13019;15451;19136;21588;24142;26449;29574;33510;37497;40680;44271;45708;47917;50482;52416;52809;56611;59349;66944;77205;82781;92550;101034;106491;110427;111021;113954;111253;107452;103143;97120;92099;83339;79446;74760;70418;68048;64058;62124;59221;56752;51781;45386;40912;34831;29786;38190;37435;33804;38481;37032;33153;27744;23270;94018
31.12.2021;Deutsche;weiblich;Lebenspartnerschaft;-;-;-;-;-;-;-;-;-;-;-;-;-;-;-;-;-;-;-;-;-;-;-;-;-;-;-;-;-;-;-;-;-;-;-;-;-;-;-;-;-;-;-;-;-;-;-;-;-;-;-;-;-;-;-;-;-;-;-;-;-;-;-;-;-;-;-;-;-;-;-;-;-;-;-;-;-;-;-;-;-;-;-;-;-;-
31.12.2021;Deutsche;weiblich;Lebenspartnerschaft aufgehoben;-;-;-;-;-;-;-;-;-;-;-;-;-;-;-;-;-;-;-;-;-;-;-;-;-;-;-;-;-;-;-;-;-;-;-;-;-;-;-;-;-;-;-;-;-;-;-;-;-;-;-;-;-;-;-;-;-;-;-;-;-;-;-;-;-;-;-;-;-;-;-;-;-;-;-;-;-;-;-;-;-;-;-;-;-;-
31.12.2021;Deutsche;weiblich;Lebenspartner verstorben;-;-;-;-;-;-;-;-;-;-;-;-;-;-;-;-;-;-;-;-;-;-;-;-;-;-;-;-;-;-;-;-;-;-;-;-;-;-;-;-;-;-;-;-;-;-;-;-;-;-;-;-;-;-;-;-;-;-;-;-;-;-;-;-;-;-;-;-;-;-;-;-;-;-;-;-;-;-;-;-;-;-;-;-;-;-
31.12.2021;Ausländer;männlich;ledig;53801;56107;58275;59799;60337;61615;59859;57262;53075;52821;52328;50641;49401;49101;46394;45011;44986;44733;47963;54906;64717;78553;100735;105322;116427;116103;118035;116703;113767;110100;106449;107243;100534;95363;87452;80337;74873;68253;61901;58056;53178;52331;46384;43230;40351;38200;36495;34126;30931;29174;26713;25792;23556;21875;19304;16642;15275;13820;12184;10756;9382;8943;7365;6428;5589;4755;4234;3323;2858;2446;2089;2044;1679;1505;1389;1056;927;804;656;594;489;532;402;391;304;1290
31.12.2021;Ausländer;männlich;verheiratet;-;-;-;-;-;-;-;-;-;-;-;-;-;-;-;-;-;2;28;122;423;906;1946;3258;5245;7930;10881;13585;16670;19762;23056;26611;28922;31123;32599;32615;35180;35829;37289;39927;41386;44607;44732;45875;46512;47096;48123;48768;48076;48261;47246;47104;46763;44905;41588;42235;41470;40506;37911;34662;29800;29633;26642;24938;24180;24452;21274;18110;15906;16680;16233;19387;19668;20082;20045;18398;15738;14702;13438;13152;11474;11392;9890;8223;6604;23553
31.12.2021;Ausländer;männlich;verwitwet;-;-;-;-;-;-;-;-;-;-;-;-;-;-;-;-;-;-;-;2;2;-;2;4;8;8;23;23;25;46;58;57;63;91;98;109;150;127;136;169;177;220;253;261;287;310;363;397;436;492;555;605;687;722;755;818;865;942;940;962;909;975;935;1027;1014;1182;1079;1115;1132;1146;1225;1543;1574;1756;1877;1748;1711;1709;1746;1715;1806;1809;1503;1541;1355;6211
31.12.2021;Ausländer;männlich;geschieden;-;-;-;-;-;-;-;-;-;-;-;-;-;-;-;-;-;-;-;3;5;24;39;100;252;371;549;942;1242;1584;1951;2507;3067;3530;3800;4371;4809;5114;5578;6310;7067;7592;8095;8271;8895;9430;9667;10129;10302;10297;10738;10583;10569;10415;9499;9590;9454;8912;8121;7528;6795;6574;5720;5362;4787;4566;4018;3464;3090;2930;2471;2640;2405;2287;2089;1697;1305;1191;1063;987;817;783;701;592;475;1840
31.12.2021;Ausländer;männlich;Lebenspartnerschaft;-;-;-;-;-;-;-;-;-;-;-;-;-;-;-;-;-;-;-;-;-;-;-;-;-;-;-;-;-;-;-;-;-;-;-;-;-;-;-;-;-;-;-;-;-;-;-;-;-;-;-;-;-;-;-;-;-;-;-;-;-;-;-;-;-;-;-;-;-;-;-;-;-;-;-;-;-;-;-;-;-;-;-;-;-;-
31.12.2021;Ausländer;männlich;Lebenspartnerschaft aufgehoben;-;-;-;-;-;-;-;-;-;-;-;-;-;-;-;-;-;-;-;-;-;-;-;-;-;-;-;-;-;-;-;-;-;-;-;-;-;-;-;-;-;-;-;-;-;-;-;-;-;-;-;-;-;-;-;-;-;-;-;-;-;-;-;-;-;-;-;-;-;-;-;-;-;-;-;-;-;-;-;-;-;-;-;-;-;-
31.12.2021;Ausländer;männlich;Lebenspartner verstorben;-;-;-;-;-;-;-;-;-;-;-;-;-;-;-;-;-;-;-;-;-;-;-;-;-;-;-;-;-;-;-;-;-;-;-;-;-;-;-;-;-;-;-;-;-;-;-;-;-;-;-;-;-;-;-;-;-;-;-;-;-;-;-;-;-;-;-;-;-;-;-;-;-;-;-;-;-;-;-;-;-;-;-;-;-;-
31.12.2021;Ausländer;weiblich;ledig;50697;52767;55078;56174;56572;58334;55196;53175;48678;48428;47674;46067;44714;44482;41474;39792;38484;38322;40006;43541;49258;55937;66570;70883;75363;78287;79341;78725;77284;73463;70605;69046;64800;59598;53559;48338;44578;40273;36791;34156;30803;30227;26641;24635;23201;21825;20681;19624;17858;16612;15237;14452;12915;12256;10839;9275;8493;7603;6887;6225;5509;5383;4413;3944;3505;3282;3020;2636;2253;2217;1900;1927;1595;1397;1286;1115;940;755;695;626;622;526;461;448;400;2009
31.12.2021;Ausländer;weiblich;verheiratet;-;-;-;-;-;-;-;-;-;-;-;-;-;-;-;-;14;51;403;1249;2602;4539;7348;10386;14584;18662;22121;25594;28974;32600;35941;39746;42578;45292;46767;47442;49723;50839;52625;54686;56791;58781;57781;57436;57076;57381;56622;56718;56226;54408;52617;51121;48479;45735;41394;41016;39569;37071;33618;31609;27979;28457;24621;22954;21457;22003;21707;21384;20197;20925;18594;20304;18427;16768;15237;12916;10949;9185;7818;7040;5443;5221;4133;3473;2849;9760
31.12.2021;Ausländer;weiblich;verwitwet;-;-;-;-;-;-;-;-;-;-;-;-;-;-;-;-;-;1;-;-;5;7;14;23;30;52;63;78;129;137;143;181;267;274;283;310;389;436;518;574;632;746;881;925;1118;1195;1385;1506;1702;1820;2076;2202;2381;2649;2650;2705;3037;3322;3367;3680;3765;4191;4257;4311;4455;5292;5939;5991;6201;6977;6651;8443;8119;7981;7816;7307;6903;6826;6177;6117;5992;6625;5542;5082;4479;22371
31.12.2021;Ausländer;weiblich;geschieden;-;-;-;-;-;-;-;-;-;-;-;-;-;-;-;-;1;-;3;11;34;91;215;319;594;910;1202;1571;1972;2431;2973;3502;3922;4420;4901;5175;5727;6398;6984;7874;8711;9352;9880;10192;10852;11372;12019;12499;12509;12479;12226;12249;11704;11178;10212;9608;9296;8822;7927;7474;6608;6262;5534;5100;4735;4603;4280;4096;3744;3734;3312;3365;2941;2878;2528;2176;1746;1549;1367;1293;1095;1057;993;909;745;3230
31.12.2021;Ausländer;weiblich;Lebenspartnerschaft;-;-;-;-;-;-;-;-;-;-;-;-;-;-;-;-;-;-;-;-;-;-;-;-;-;-;-;-;-;-;-;-;-;-;-;-;-;-;-;-;-;-;-;-;-;-;-;-;-;-;-;-;-;-;-;-;-;-;-;-;-;-;-;-;-;-;-;-;-;-;-;-;-;-;-;-;-;-;-;-;-;-;-;-;-;-
31.12.2021;Ausländer;weiblich;Lebenspartnerschaft aufgehoben;-;-;-;-;-;-;-;-;-;-;-;-;-;-;-;-;-;-;-;-;-;-;-;-;-;-;-;-;-;-;-;-;-;-;-;-;-;-;-;-;-;-;-;-;-;-;-;-;-;-;-;-;-;-;-;-;-;-;-;-;-;-;-;-;-;-;-;-;-;-;-;-;-;-;-;-;-;-;-;-;-;-;-;-;-;-
31.12.2021;Ausländer;weiblich;Lebenspartner verstorben;-;-;-;-;-;-;-;-;-;-;-;-;-;-;-;-;-;-;-;-;-;-;-;-;-;-;-;-;-;-;-;-;-;-;-;-;-;-;-;-;-;-;-;-;-;-;-;-;-;-;-;-;-;-;-;-;-;-;-;-;-;-;-;-;-;-;-;-;-;-;-;-;-;-;-;-;-;-;-;-;-;-;-;-;-;-
31.12.2022;Deutsche;männlich;ledig;320937;355809;346265;347270;352994;356235;356553;346124;343579;334266;334060;325964;336618;332726;342090;343184;337419;342583;351266;351643;357721;364897;377562;366789;368387;372439;356888;333233;320841;313533;296671;287804;296817;272007;262266;241795;222921;204686;193881;185748;181461;169244;160173;144892;136857;129604;119595;111085;108076;106169;113340;124059;124993;130938;133743;131222;128029;121063;116151;107095;96425;88689;79201;71197;62533;55977;49702;43872;39163;34801;31416;28057;25566;22100;18323;15107;12378;9922;12318;11852;10783;11982;11247;9596;7520;23871
31.12.2022;Deutsche;männlich;verheiratet;-;-;-;-;-;-;-;-;-;-;-;-;-;-;-;-;-;-;41;214;685;1748;3485;5801;10087;16440;24771;35008;50346;69585;91337;115169;146879;163299;185274;195636;204173;204426;213208;219903;230362;234096;238055;230838;230566;231718;230108;225699;230247;235779;261553;294763;308971;339429;360072;376806;392181;398536;409538;412508;403698;402166;390677;383695;363592;355534;344111;333118;324940;312843;310088;300674;294052;280775;249677;226688;189234;158508;211774;207416;189659;218748;211821;192454;161779;556910
31.12.2022;Deutsche;männlich;verwitwet;-;-;-;-;-;-;-;-;-;-;-;-;-;-;-;-;-;-;-;2;1;1;2;4;7;5;16;35;35;45;78;98;128;179;214;287;322;398;480;524;602;683;791;873;1014;1073;1296;1354;1595;1870;2316;3026;3609;4314;5220;6157;7188;7924;9343;10357;11416;12545;13598;15012;15289;16688;17757;19021;20380;21248;23230;24385;26841;27573;26591;26810;24438;23223;33802;36877;38169;48879;53828;54107;50980;306055
31.12.2022;Deutsche;männlich;geschieden;-;-;-;-;-;-;-;-;-;-;-;-;-;-;-;-;-;-;-;-;3;10;64;118;217;430;732;1187;1841;2796;4136;5642;8021;10207;12709;14766;16962;18780;20880;24127;27078;29630;32351;33459;36006;38244;39365;40484;43204;45136;52895;60982;65708;74232;80798;86042;90059;91680;95086;94488;90014;87888;81893;77873;70770;66454;60997;56054;52339;48127;44813;41788;38442;35106;30392;26535;21540;17430;21349;20064;17604;18940;16600;14605;11505;34029
31.12.2022;Deutsche;männlich;Lebenspartnerschaft;-;-;-;-;-;-;-;-;-;-;-;-;-;-;-;-;-;-;-;-;-;-;-;-;-;-;-;-;-;-;-;-;-;-;-;-;-;-;-;-;-;-;-;-;-;-;-;-;-;-;-;-;-;-;-;-;-;-;-;-;-;-;-;-;-;-;-;-;-;-;-;-;-;-;-;-;-;-;-;-;-;-;-;-;-;-
31.12.2022;Deutsche;männlich;Lebenspartnerschaft aufgehoben;-;-;-;-;-;-;-;-;-;-;-;-;-;-;-;-;-;-;-;-;-;-;-;-;-;-;-;-;-;-;-;-;-;-;-;-;-;-;-;-;-;-;-;-;-;-;-;-;-;-;-;-;-;-;-;-;-;-;-;-;-;-;-;-;-;-;-;-;-;-;-;-;-;-;-;-;-;-;-;-;-;-;-;-;-;-
31.12.2022;Deutsche;männlich;Lebenspartner verstorben;-;-;-;-;-;-;-;-;-;-;-;-;-;-;-;-;-;-;-;-;-;-;-;-;-;-;-;-;-;-;-;-;-;-;-;-;-;-;-;-;-;-;-;-;-;-;-;-;-;-;-;-;-;-;-;-;-;-;-;-;-;-;-;-;-;-;-;-;-;-;-;-;-;-;-;-;-;-;-;-;-;-;-;-;-;-
31.12.2022;Deutsche;weiblich;ledig;304391;337789;327603;329960;335752;338604;340225;328903;326446;317638;317007;310061;320506;315636;325637;325094;319139;325584;333712;333546;338071;342626;353203;338396;336538;333033;310302;281953;263738;251506;233195;221673;225130;205844;195126;179225;166918;151612;143400;136918;131460;124379;117910;105891;100213;94749;87606;79865;77327;75023;78720;85268;84347;87266;87229;85475;82697;76914;73914;68375;61279;56913;50974;46486;41499;38448;34987;31624;29478;26360;24434;22198;20118;17790;15051;12975;10478;9383;11726;12042;11680;13640;13978;13519;12279;74316
31.12.2022;Deutsche;weiblich;verheiratet;-;-;-;-;-;-;-;-;-;-;-;-;-;-;-;-;2;1;256;1052;2675;5574;10286;15731;24608;37795;52068;67753;88799;112339;137382;162092;196073;208081;227524;233570;240122;238088;242584;247849;259155;261114;264730;253373;250857;248847;246151;239953;245446;249729;276562;309357;324609;353266;373664;389124;402333;405097;416082;417189;405248;402522;385824;375560;352541;341670;327443;313527;303485;289943;281068;269613;258438;241809;210275;189935;157265;131478;171880;164806;147294;166876;155080;135559;106678;302914
31.12.2022;Deutsche;weiblich;verwitwet;-;-;-;-;-;-;-;-;-;-;-;-;-;-;-;-;-;-;-;5;1;4;7;12;29;44;68;93;129;175;231;338;407;668;716;894;1026;1246;1521;1768;2118;2607;2894;3258;3719;4210;4774;5319;5992;6864;8555;10670;12421;15093;17846;20919;24371;28395;32767;37394;41343;47195;51973;56719;60075;64885;69829;74711;80467;85226;92853;98816;106440;111337;108734;110192;101134;94582;134447;143000;146292;188963;210246;213662;203117;1251826
31.12.2022;Deutsche;weiblich;geschieden;-;-;-;-;-;-;-;-;-;-;-;-;-;-;1;-;-;-;-;2;17;94;289;513;954;1607;2364;3451;4656;6442;8545;11018;14655;17310;21269;23599;26302;28674;31847;35867;39744;42941;46485;47813;49935;52360;54112;54439;57992;60356;67709;77977;83362;92752;101017;106324;110014;110258;113173;110249;106125;102046;96129;91018;82370;78343;73754;69318;67030;62890;60873;57994;55505;50575;44209;39723;33729;28674;36631;35866;32338;36557;35034;31055;25858;101547
31.12.2022;Deutsche;weiblich;Lebenspartnerschaft;-;-;-;-;-;-;-;-;-;-;-;-;-;-;-;-;-;-;-;-;-;-;-;-;-;-;-;-;-;-;-;-;-;-;-;-;-;-;-;-;-;-;-;-;-;-;-;-;-;-;-;-;-;-;-;-;-;-;-;-;-;-;-;-;-;-;-;-;-;-;-;-;-;-;-;-;-;-;-;-;-;-;-;-;-;-
31.12.2022;Deutsche;weiblich;Lebenspartnerschaft aufgehoben;-;-;-;-;-;-;-;-;-;-;-;-;-;-;-;-;-;-;-;-;-;-;-;-;-;-;-;-;-;-;-;-;-;-;-;-;-;-;-;-;-;-;-;-;-;-;-;-;-;-;-;-;-;-;-;-;-;-;-;-;-;-;-;-;-;-;-;-;-;-;-;-;-;-;-;-;-;-;-;-;-;-;-;-;-;-
31.12.2022;Deutsche;weiblich;Lebenspartner verstorben;-;-;-;-;-;-;-;-;-;-;-;-;-;-;-;-;-;-;-;-;-;-;-;-;-;-;-;-;-;-;-;-;-;-;-;-;-;-;-;-;-;-;-;-;-;-;-;-;-;-;-;-;-;-;-;-;-;-;-;-;-;-;-;-;-;-;-;-;-;-;-;-;-;-;-;-;-;-;-;-;-;-;-;-;-;-
31.12.2022;Ausländer;männlich;ledig;57617;63076;65290;67904;69874;71237;72899;72322;70570;66011;66097;65025;63179;62185;61878;59196;59687;59612;64151;65014;72751;82105;96746;117858;122704;131556;129904;130085;127510;122474;118320;113828;114190;107161;102257;93952;87171;81380;74834;68693;64431;59019;58025;51781;48163;44944;42224;40363;37686;34302;32062;29510;28417;25903;23867;21230;18369;16686;15086;13327;12602;11403;10958;9190;8049;7013;6072;5332;4423;3890;3267;2914;2677;2383;2041;1807;1411;1117;958;733;735;657;674;517;517;1841
31.12.2022;Ausländer;männlich;verheiratet;-;-;-;-;-;-;-;-;-;-;-;-;-;-;-;-;4;5;37;151;411;875;1707;3403;5052;7562;10511;13732;16398;19646;22786;25771;28861;30865;32727;33996;34065;36529;36800;38504;40345;41859;44976;44838;45748;46400;46966;47707;48246;47604;47781;46701;46443;46060;44113;40891;41574;40836;39815;37218;34330;29617;29440;26272;24764;23675;23781;20898;17779;15762;16335;15897;18850;19077;19377;19246;17576;14968;13914;12631;12357;10679;10557;9161;7551;26952
31.12.2022;Ausländer;männlich;verwitwet;-;-;-;-;-;-;-;-;-;-;-;-;-;-;-;-;-;-;-;2;3;1;1;3;5;10;16;26;25;30;54;69;67;75;109;120;134;187;157;160;202;225;256;308;302;338;356;406;446;481;535;627;664;774;792;834;891;930;1021;1012;1050;1001;1097;1038;1105;1128;1273;1183;1237;1216;1264;1339;1660;1703;1884;1967;1850;1805;1761;1812;1768;1859;1833;1527;1568;6926
31.12.2022;Ausländer;männlich;geschieden;-;-;-;-;-;-;-;-;-;-;-;-;-;-;-;-;-;-;1;1;6;12;46;84;178;365;577;812;1190;1614;2003;2388;2995;3639;4136;4382;4920;5338;5642;6086;6807;7586;8075;8529;8779;9277;9811;9999;10495;10647;10590;10910;10802;10725;10554;9631;9641;9482;8949;8140;7505;6837;6505;5695;5293;4711;4452;3902;3368;2999;2813;2387;2534;2302;2175;1988;1619;1218;1120;1013;913;748;716;655;552;2093
31.12.2022;Ausländer;männlich;Lebenspartnerschaft;-;-;-;-;-;-;-;-;-;-;-;-;-;-;-;-;-;-;-;-;-;-;-;-;-;-;-;-;-;-;-;-;-;-;-;-;-;-;-;-;-;-;-;-;-;-;-;-;-;-;-;-;-;-;-;-;-;-;-;-;-;-;-;-;-;-;-;-;-;-;-;-;-;-;-;-;-;-;-;-;-;-;-;-;-;-
31.12.2022;Ausländer;männlich;Lebenspartnerschaft aufgehoben;-;-;-;-;-;-;-;-;-;-;-;-;-;-;-;-;-;-;-;-;-;-;-;-;-;-;-;-;-;-;-;-;-;-;-;-;-;-;-;-;-;-;-;-;-;-;-;-;-;-;-;-;-;-;-;-;-;-;-;-;-;-;-;-;-;-;-;-;-;-;-;-;-;-;-;-;-;-;-;-;-;-;-;-;-;-
31.12.2022;Ausländer;männlich;Lebenspartner verstorben;-;-;-;-;-;-;-;-;-;-;-;-;-;-;-;-;-;-;-;-;-;-;-;-;-;-;-;-;-;-;-;-;-;-;-;-;-;-;-;-;-;-;-;-;-;-;-;-;-;-;-;-;-;-;-;-;-;-;-;-;-;-;-;-;-;-;-;-;-;-;-;-;-;-;-;-;-;-;-;-;-;-;-;-;-;-
31.12.2022;Ausländer;weiblich;ledig;54835;59512;61654;64225;65924;66797;68909;66702;65760;60997;60677;59640;57652;56585;56294;52093;50495;48584;50521;55978;60429;64523;70411;80006;84008;87965;90412;90228;88550;86412;82412;79951;78605;74329;70343;64380;60002;55756;51722;48408;44708;40873;39951;35968;33224;31571;29492;27984;26659;24083;22866;21045;19949;17822;17000;15193;13490;12388;11716;11048;10384;9668;9534;8477;7720;7028;6576;6009;5805;4829;4681;4244;4089;3714;3102;2739;2365;1633;1396;1117;1165;1319;1164;1153;963;3791
31.12.2022;Ausländer;weiblich;verheiratet;-;-;-;-;-;-;-;-;-;-;-;-;-;-;1;-;11;50;381;1360;2573;4364;6779;10354;13874;18589;22895;26441;29948;33383;36720;39949;43403;45842;48538;49810;50571;52385;53408;55205;56815;58477;60198;58975;58491;57816;57823;57115;57064;56566;54615;52866;51174;48481;45783;41321;40989;39359;36943;33626;31570;27888;28286;24526;22896;21331;21696;21362;20977;19775;20398;18087;19565;17729;16043;14612;12332;10347;8584;7234;6484;4958;4721;3711;3111;11236
31.12.2022;Ausländer;weiblich;verwitwet;-;-;-;-;-;-;-;-;-;-;-;-;-;-;-;-;-;-;1;1;2;6;11;19;36;54;73;86;106;153;173;194;226;333;348;372;416;514;595;668;726;776;935;1051;1123;1335;1416;1596;1781;2003;2090;2422;2466;2721;2972;3053;3131;3478;3790;3896;4189;4388;4879;4855;4960;5175;6044;6634;6738;6841;7788;7368;9231;8895;8628;8426;7856;7233;7124;6382;6320;6236;6755;5665;5180;24767
31.12.2022;Ausländer;weiblich;geschieden;-;-;-;-;-;-;-;-;-;-;-;-;-;-;-;-;2;1;4;8;30;71;169;344;550;922;1273;1650;2134;2578;3116;3714;4363;4768;5458;5898;6251;6925;7575;8203;8993;9825;10443;10900;11100;11743;12256;12915;13294;13267;13097;12805;12727;12181;11632;10567;9995;9594;9170;8306;7754;6831;6494;5766;5379;4946;4703;4388;4246;3865;3834;3408;3419;3013;2894;2561;2172;1735;1534;1333;1236;1070;1034;970;896;3712
31.12.2022;Ausländer;weiblich;Lebenspartnerschaft;-;-;-;-;-;-;-;-;-;-;-;-;-;-;-;-;-;-;-;-;-;-;-;-;-;-;-;-;-;-;-;-;-;-;-;-;-;-;-;-;-;-;-;-;-;-;-;-;-;-;-;-;-;-;-;-;-;-;-;-;-;-;-;-;-;-;-;-;-;-;-;-;-;-;-;-;-;-;-;-;-;-;-;-;-;-
31.12.2022;Ausländer;weiblich;Lebenspartnerschaft aufgehoben;-;-;-;-;-;-;-;-;-;-;-;-;-;-;-;-;-;-;-;-;-;-;-;-;-;-;-;-;-;-;-;-;-;-;-;-;-;-;-;-;-;-;-;-;-;-;-;-;-;-;-;-;-;-;-;-;-;-;-;-;-;-;-;-;-;-;-;-;-;-;-;-;-;-;-;-;-;-;-;-;-;-;-;-;-;-
31.12.2022;Ausländer;weiblich;Lebenspartner verstorben;-;-;-;-;-;-;-;-;-;-;-;-;-;-;-;-;-;-;-;-;-;-;-;-;-;-;-;-;-;-;-;-;-;-;-;-;-;-;-;-;-;-;-;-;-;-;-;-;-;-;-;-;-;-;-;-;-;-;-;-;-;-;-;-;-;-;-;-;-;-;-;-;-;-;-;-;-;-;-;-;-;-;-;-;-;-
__________;;;;;;;;;;;;;;;;;;;;;;;;;;;;;;;;;;;;;;;;;;;;;;;;;;;;;;;;;;;;;;;;;;;;;;;;;;;;;;;;;;;;;;;;;
